English,Persian
abandon,Ø±Ù‡Ø§ Ú©Ø±Ø¯Ù†
abandoned,Ù…ØªØ±ÙˆÚ©Ù‡
ability,ØªÙˆØ§Ù†Ø§ÛŒÛŒ
able,Ù‚Ø§Ø¯Ø±
about,Ø¯Ø± Ø¨Ø§Ø±Ù‡
above,Ø¯Ø± Ø¨Ø§Ù„Ø§
abroad,Ø®Ø§Ø±Ø¬ Ø§Ø² Ú©Ø´ÙˆØ±
absence,Ø¹Ø¯Ù…
absent,ØºØ§ÛŒØ¨
absolute,Ù…Ø·Ù„Ù‚
absolutely,Ú©Ø§Ù…Ù„Ø§
absorb,Ø¬Ø°Ø¨
abuse,Ø³Ùˆ Ø§Ø³ØªÙØ§Ø¯Ù‡ Ú©Ø±Ø¯Ù†
academic,Ø¹Ù„Ù…ÛŒ
accent,Ù„Ù‡Ø¬Ù‡
accept,ØªØ§ÛŒÛŒØ¯ Ú©Ù†ÛŒØ¯
acceptable,Ù‚Ø§Ø¨Ù„ Ù‚Ø¨ÙˆÙ„
access,Ø¯Ø³ØªØ±Ø³ÛŒ
accident,ØªØµØ§Ø¯Ù
accidental,ØªØµØ§Ø¯ÙÛŒ
accidentally,Ø¨Ù‡ Ø·ÙˆØ± ØªØµØ§Ø¯ÙÛŒ
accommodation,Ù…Ø­Ù„ Ø§Ù‚Ø§Ù…Øª
accompany,Ù‡Ù…Ø±Ø§Ù‡ÛŒ Ú©Ø±Ø¯Ù†
according to,Ù…Ø·Ø§Ø¨Ù‚ Ø¨Ø§
account,Ø­Ø³Ø§Ø¨
account for,Ø­Ø³Ø§Ø¨ Ø¨Ø±Ø§ÛŒ
accurate,Ø¯Ù‚ÛŒÙ‚
accurately,Ø¨Ù‡ Ø¯Ø±Ø³ØªÛŒ
accuse,Ù…ØªÙ‡Ù… Ú©Ø±Ø¯Ù†
achieve,Ø±Ø³ÛŒØ¯Ù†
achievement,Ù…ÙˆÙÙ‚ÛŒØª
acid,Ø§Ø³ÛŒØ¯
acknowledge,Ø§Ø°Ø¹Ø§Ù†
a couple,ÛŒÚ© Ø²Ù† Ùˆ Ø´ÙˆÙ‡Ø±
acquire,Ø¨Ù‡ Ø¯Ø³Øª Ø¢ÙˆØ±Ø¯Ù†
across,Ø¯Ø± Ù…ÛŒØ§Ù†
act,Ø¹Ù…Ù„
action,Ø¹Ù…Ù„
active,ÙØ¹Ø§Ù„
actively,ÙØ¹Ø§Ù„Ø§Ù†Ù‡
activity,ÙØ¹Ø§Ù„ÛŒØª
actor,Ø¨Ø§Ø²ÛŒÚ¯Ø±
actress,Ø¨Ø§Ø²ÛŒÚ¯Ø±
actual,ÙˆØ§Ù‚Ø¹ÛŒ
actually,Ø¯Ø± Ø­Ù‚ÛŒÙ‚Øª
ad,Ø¢Ú¯Ù‡ÛŒ
adapt,Ø³Ø§Ø²Ú¯Ø§Ø± Ø´Ø¯Ù†
add,Ø§Ø¶Ø§ÙÙ‡ Ú©Ø±Ø¯Ù†
addition,Ø§Ø¶Ø§ÙÙ‡
additional,Ø§Ø¶Ø§ÙÛŒ
add on,Ø§Ø¶Ø§ÙÙ‡ Ú©Ø±Ø¯Ù† Ø¯Ø±
address,Ù†Ø´Ø§Ù†ÛŒ
add up,Ø§Ø¶Ø§ÙÙ‡ Ú©Ø±Ø¯Ù†
add up to,Ø§Ø¶Ø§ÙÙ‡ Ú©Ø±Ø¯Ù† Ø¨Ù‡
adequate,Ú©Ø§ÙÛŒ Ø§Ø³Øª
adequately,Ø¨Ù‡ Ø§Ù†Ø¯Ø§Ø²Ù‡ Ú©Ø§ÙÛŒ
adjust,ØªÙ†Ø¸ÛŒÙ… Ú©Ø±Ø¯Ù†
admiration,ØªØ­Ø³ÛŒÙ†
admire,ØªØ­Ø³ÛŒÙ†
admit,Ø§Ù‚Ø±Ø§Ø± Ú©Ø±Ø¯Ù†
adopt,Ø§ØªØ®Ø§Ø° Ú©Ø±Ø¯Ù†
adult,Ø¨Ø§Ù„Øº
advance,Ù¾ÛŒØ´Ø±ÙØª
advanced,Ù¾ÛŒØ´Ø±ÙØªÙ‡
advantage,Ù…Ø²ÛŒØª - ÙØ§ÛŒØ¯Ù‡ - Ø³ÙˆØ¯ - Ù…Ù†ÙØ¹Øª
adventure,Ù…Ø§Ø¬Ø±Ø§
advert,Ø¢Ú¯Ù‡ÛŒ
advertise,ØªØ¨Ù„ÛŒØºØ§Øª
advertisement,ØªØ¨Ù„ÛŒØºØ§Øª
advertising,ØªØ¨Ù„ÛŒØºØ§Øª
advice,Ù†ØµÛŒØ­Øª
advise,ØªÙˆØµÛŒÙ‡
affair,Ø§Ù…Ø±
affect,ØªØ§Ø«ÛŒØ± Ù…ÛŒ Ú¯Ø°Ø§Ø±Ø¯
affection,Ù…Ø­Ø¨Øª
afford,Ø§Ø³ØªØ·Ø§Ø¹Øª Ø¯Ø§Ø´ØªÙ†
afraid,ØªØ±Ø³ÛŒØ¯Ù‡
after,Ø¨Ø¹Ø¯ Ø§Ø²
afternoon,Ø¨Ø¹Ø¯ Ø§Ø² Ø¸Ù‡Ø±
afterwards,Ø¨Ø¹Ø¯ Ø§Ø² Ø¢Ù†
again,Ø§Ø² Ù†Ùˆ
against,Ø¯Ø± Ø¨Ø±Ø§Ø¨Ø±
age,Ø³Ù†
aged,Ø³Ù†
agency,Ø¢Ú˜Ø§Ù†Ø³
agent,Ø¹Ø§Ù…Ù„
aggressive,Ø®Ø´ÙˆÙ†Øª Ø¢Ù…ÛŒØ²
ago,Ù¾ÛŒØ´
agree,Ù…ÙˆØ§ÙÙ‚
agreement,ØªÙˆØ§ÙÙ‚
ahead,Ø¯Ø± Ù¾ÛŒØ´
aid,Ú©Ù…Ú©
aim,Ù‡Ø¯Ù
air,Ù‡ÙˆØ§
aircraft,Ù‡ÙˆØ§Ù¾ÛŒÙ…Ø§
airport,ÙØ±ÙˆØ¯Ú¯Ø§Ù‡
alarm,Ø²Ù†Ú¯ Ø®Ø·Ø±. Ù‡Ø´Ø¯Ø§Ø±
alarmed,Ù†Ú¯Ø±Ø§Ù†
alarming,Ù‡Ø´Ø¯Ø§Ø± Ø¯Ù‡Ù†Ø¯Ù‡
alcohol,Ø§Ù„Ú©Ù„
alcoholic,Ø§Ù„Ú©Ù„ÛŒ
alive,Ø²Ù†Ø¯Ù‡
all,Ù‡Ù…Ù‡
allied,Ù…ØªØ­Ø¯
allow,Ø§Ø¬Ø§Ø²Ù‡
allow for,Ø§Ø¬Ø§Ø²Ù‡ Ø¨Ø±Ø§ÛŒ
all right,Ø®ÛŒÙ„ÛŒ Ø®ÙˆØ¨
ally,Ù…ØªØ­Ø¯
almost,ØªÙ‚Ø±ÛŒØ¨Ø§
alone,ØªÙ†Ù‡Ø§
along,Ø¯Ø± Ø§Ù…ØªØ¯Ø§Ø¯
alongside,Ø¯Ø± Ú©Ù†Ø§Ø±
aloud,Ø¨Ø§ ØµØ¯Ø§ÛŒ Ø¨Ù„Ù†Ø¯
alphabet,Ø§Ù„ÙØ¨Ø§
alphabetical,Ø¨Ù‡ ØªØ±ØªÛŒØ¨ Ø­Ø±ÙˆÙ Ø§Ù„ÙØ¨Ø§
alphabetically,Ø¨Ø± Ø§Ø³Ø§Ø³ Ø­Ø±ÙˆÙ Ø§Ù„ÙØ¨Ø§
already,Ù‚Ø¨Ù„Ø§ØŒ Ù¾ÛŒØ´ Ø§Ø² Ø§ÛŒÙ†
also,Ù‡Ù…Ú†Ù†ÛŒÙ†
alter,Ø±Ø§ ØªØºÛŒÛŒØ± Ø¯Ù‡ÛŒØ¯
alternative,Ø¬Ø§ÛŒÚ¯Ø²ÛŒÙ†
alternatively,Ù…ØªÙ†Ø§ÙˆØ¨Ø§ØŒ Ø§Ø² Ø³ÙˆÛŒ Ø¯ÛŒÚ¯Ø±
although,Ø¨Ø§ Ø§ÙŠÙ†ÙƒÙ‡
altogether,Ù…Ø¬Ù…ÙˆØ¹
always,Ù‡Ù…ÛŒØ´Ù‡
a.m.,ØµØ¨Ø­.
amaze,Ø®ÛŒØ±Ù‡ Ú©Ø±Ø¯Ù†
amazed,Ù…ØªØ¹Ø¬Ø¨
amazing,Ø­ÛŒØ±Øª Ø§Ù†Ú¯ÛŒØ²
ambition,Ù‡Ø¯Ù - Ø¢Ø±Ø²Ùˆ
ambulance,Ø§Ù…Ø¨ÙˆÙ„Ø§Ù†Ø³
among,Ø¯Ø± Ù…ÛŒØ§Ù†
amount,Ù…ÛŒØ²Ø§Ù†
amount to,Ù…Ù‚Ø¯Ø§Ø±
amuse,Ù…Ø§Øª Ùˆ Ù…ØªØ­ÛŒØ± Ú©Ø±Ø¯Ù†
amused,Ø®ÙˆØ´Ø­Ø§Ù„
amusing,Ø³Ø±Ú¯Ø±Ù… Ú©Ù†Ù†Ø¯Ù‡
analyse,ØªØ¬Ø²ÛŒÙ‡ Ùˆ ØªØ­Ù„ÛŒÙ„
analysis,ØªØ­Ù„ÛŒÙ„ Ùˆ Ø¨Ø±Ø±Ø³ÛŒ
ancient,Ú©Ù‡Ù†
and,Ùˆ
anger,Ø®Ø´Ù…
angle,Ø²Ø§ÙˆÛŒÙ‡
angrily,Ø¹ØµØ¨Ø§Ù†ÛŒØª
angry,Ø®Ø´Ù…Ú¯ÛŒÙ†
animal,Ø­ÛŒÙˆØ§Ù†
ankle,Ù…Ú† Ù¾Ø§
anniversary,Ø³Ø§Ù„Ú¯Ø±Ø¯
announce,Ø§Ø¹Ù„Ø§Ù…
annoy,Ø¢Ø²Ø§Ø±
annoyed,Ø§Ø°ÛŒØª
annoying,Ù…Ø²Ø§Ø­Ù…
annual,Ø³Ø§Ù„ÛŒØ§Ù†Ù‡
annually,Ø³Ø§Ù„Ø§Ù†Ù‡
another,ÛŒÚ©ÛŒ Ø¯ÛŒÚ¯Ø±
answer,Ù¾Ø§Ø³Ø®
anti-,Ø¶Ø¯
anticipate,Ù¾ÛŒØ´ Ø¨ÛŒÙ†ÛŒ
anxiety,Ø§Ø¶Ø·Ø±Ø§Ø¨
anxious,Ù…Ø´ØªØ§Ù‚
anxiously,Ù…Ø´ØªØ§Ù‚Ø§Ù†Ù‡
any,Ù‡Ø±
anybody,Ù‡Ø± Ø´Ø®ØµÛŒ
anyone,Ù‡Ø± Ú©Ø³ÛŒ
anything,Ù‡Ø± Ú†ÛŒØ²ÛŒ
anyway,Ø¨Ù‡ Ù‡Ø± Ø­Ø§Ù„
anywhere,Ù‡Ø± Ø¬Ø§
apart,Ø¬Ø¯Ø§ Ø§Ø² Ù‡Ù…
apart from,Ø¬Ø¯Ø§ Ø§Ø²
apartment,Ø§Ù¾Ø§Ø±ØªÙ…Ø§Ù†
apologize,Ø¹Ø°Ø± Ø®ÙˆØ§Ù‡ÛŒ Ú©Ø±Ø¯Ù†
apparent,Ø¢Ø´Ú©Ø§Ø±
apparently,Ø¸Ø§Ù‡Ø±Ø§
appeal,Ø¯Ø±Ø®ÙˆØ§Ø³Øª
appear,Ø¨Ù‡ Ù†Ø¸Ø± Ù…ÛŒ Ø±Ø³Ø¯
appearance,Ø¸Ø§Ù‡Ø±
apple,Ø³ÛŒØ¨
application,Ú©Ø§Ø±Ø¨Ø±Ø¯
apply,Ø¯Ø±Ø®ÙˆØ§Ø³Øª Ø¯Ø§Ø¯Ù†
appoint,Ù…Ù†ØµÙˆØ¨ Ú©Ø±Ø¯Ù†
appointment,ÙˆÙ‚Øª Ù…Ù„Ø§Ù‚Ø§Øª
appreciate,Ù‚Ø¯Ø±Ø¯Ø§Ù†ÛŒ
approach,Ø±ÙˆÛŒÚ©Ø±Ø¯
appropriate,Ù…Ù†Ø§Ø³Ø¨
approval,ØªØµÙˆÛŒØ¨
approve,ØªØ§ÛŒÛŒØ¯
approving,ØªØµÙˆÛŒØ¨
approximate,ØªÙ‚Ø±ÛŒØ¨ÛŒ
approximately,ØªÙ‚Ø±ÛŒØ¨Ø§
April,Ø¢ÙˆØ±ÛŒÙ„
area,Ø­ÙˆØ²Ù‡
argue,Ø¬Ø± Ùˆ Ø¨Ø­Ø«
argument,Ø¨Ø­Ø« Ùˆ Ø¬Ø¯Ù„
arise,Ø¨ÙˆØ¬ÙˆØ¯ Ø§Ù…Ø¯Ù†
arm,Ø¨Ø§Ø²Ùˆ
armed,Ù…Ø³Ù„Ø­
arms,Ø³Ù„Ø§Ø­
army,Ø§Ø±ØªØ´
around,Ø¯ÙˆØ± Ùˆ Ø¨Ø±
arrange,ØªØ±ØªÛŒØ¨ Ø¯Ø§Ø¯Ù†
arrangement,ØªØ±ØªÛŒØ¨
arrest,Ø¯Ø³ØªÚ¯ÛŒØ±ÛŒ
arrival,ÙˆØ±ÙˆØ¯
arrive,Ø±Ø³ÛŒØ¯Ù†
arrive at,Ø±Ø³ÛŒØ¯Ù† Ø¨Ù‡
arrow,ÙÙ„Ø´
art,Ù‡Ù†Ø±
article,Ù…Ù‚Ø§Ù„Ù‡
artificial,Ø³Ø§Ø®ØªÚ¯ÛŒ
artificially,Ù…ØµÙ†ÙˆØ¹ÛŒ
artist,Ù‡Ù†Ø±Ù…Ù†Ø¯
artistic,Ù‡Ù†Ø±Ù…Ù†Ø¯Ø§Ù†Ù‡
artistically,Ø¨Ø·ÙˆØ± Ù‡Ù†Ø±Ù…Ù†Ø¯Ø§Ù†Ù‡ ÛŒØ§ Ù‡Ù†Ø±ÛŒ
as,Ù…Ø§Ù†Ù†Ø¯
ashamed,Ø´Ø±Ù…Ù†Ø¯Ù‡
aside,Ú¯Ø°Ø´ØªÙ‡ Ø§Ø²
aside from,Ø¬Ø¯Ø§ÛŒ Ø§Ø²
ask,Ù¾Ø±Ø³ÛŒØ¯Ù†
asleep,Ø®ÙˆØ§Ø¨
aspect,Ø¬Ù†Ø¨Ù‡
assist,Ù‡Ù…Ú©Ø§Ø±ÛŒ
assistance,Ù…Ø¹Ø§ÙˆÙ†Øª
assistant,Ø¯Ø³ØªÛŒØ§Ø±
associate,ÙˆØ§Ø¨Ø³ØªÙ‡
associated,Ù…Ø±ØªØ¨Ø· Ø§Ø³Øª
association,Ø§ØªØ­Ø§Ø¯ÛŒÙ‡
assume,ÙØ±Ø¶
assure,Ø§Ø·Ù…ÛŒÙ†Ø§Ù† Ø¯Ø§Ø¯Ù†
at,Ø¯Ø±
atmosphere,Ø¬Ùˆ
atom,Ø§ØªÙ…
attach,Ø¶Ù…ÛŒÙ…Ù‡ Ú©Ø±Ø¯Ù†
attached,ÙˆØ§Ø¨Ø³ØªÙ‡
attack,Ø­Ù…Ù„Ù‡
attempt,ØªÙ„Ø§Ø´
attempted,ØªÙ„Ø§Ø´
attend,Ù…Ø±Ø§Ø¬Ø¹Ù‡ ÙƒØ±Ø¯Ù†
attend to,Ø­Ø¶ÙˆØ± Ø¨Ù‡
attention,ØªÙˆØ¬Ù‡
attitude,Ù†Ú¯Ø±Ø´
attorney,ÙˆÚ©ÛŒÙ„
attract,Ø¬Ø°Ø¨
attraction,Ø¬Ø§Ø°Ø¨Ù‡
attractive,Ø¬Ø°Ø§Ø¨
audience,Ø­Ø¶Ø§Ø±
August,Ø§ÙˆØª
aunt,Ø¹Ù…Ù‡
author,Ù†ÙˆÛŒØ³Ù†Ø¯Ù‡
authority,Ù‚Ø¯Ø±Øª
automatic,Ø§ØªÙˆÙ…Ø§ØªÛŒÚ©
automatically,Ø¨Ø·ÙˆØ± Ø®ÙˆØ¯Ú©Ø§Ø±
autumn,ÙØµÙ„ Ù¾Ø§ÛŒÛŒØ²
available,Ø¯Ø± Ø¯Ø³ØªØ±Ø³
average,Ù…ÛŒØ§Ù†Ú¯ÛŒÙ†
avoid,Ø§Ø¬ØªÙ†Ø§Ø¨ Ú©Ø±Ø¯Ù†
awake,Ø¨ÛŒØ¯Ø§Ø±
award,Ø¬Ø§ÛŒØ²Ù‡
aware,Ø¢Ú¯Ø§Ù‡
away,Ø¯ÙˆØ±
awful,Ø®ÛŒÙ„ÛŒ Ø¨Ø¯ Ùˆ Ù†Ø§Ø®ÙˆØ´Ø§ÛŒÙ†Ø¯
awfully,Ø¨Ø¯Ø¬ÙˆØ±
awkward,Ø¨ÛŒ Ø¯Ø³Øª Ùˆ Ù¾Ø§ - Ø¨Ù‡ Ø´Ú©Ù„ÛŒ Ù†Ø§Ù…Ù†Ø§Ø³Ø¨
awkwardly,Ù†Ø§Ø´ÛŒØ§Ù†Ù‡
baby,Ø¹Ø²ÛŒØ²Ù…
back,Ø¨Ø§Ø²Ú¯Ø´Øª
background,Ø²Ù…ÛŒÙ†Ù‡
back up,Ù¾Ø´ØªÛŒØ¨Ø§Ù† Ú¯ÛŒØ±ÛŒ
backward,Ø¨Ù‡ Ø¹Ù‚Ø¨
backwards,Ø¨Ù‡ Ø¹Ù‚Ø¨
bacteria,Ø¨Ø§Ú©ØªØ±ÛŒ
bad,Ø¨Ø¯
badly,Ø¨Ø¯
bad-tempered,Ø¨Ø¯ Ø§Ø®Ù„Ø§Ù‚
bag,Ú©ÛŒØ³Ù‡
baggage,Ø¨Ø§Ø± Ø³ÙØ±
bake,Ù¾Ø®ØªÙ†
balance,ØªØ¹Ø§Ø¯Ù„
ball,ØªÙˆÙ¾
ban,Ù…Ù†Ø¹
band,Ø¨Ø§Ù†Ø¯
bandage,Ù†ÙˆØ§Ø± Ø²Ø®Ù… Ø¨Ù†Ø¯ÛŒ
bank,Ø¨Ø§Ù†Ú©
bar,Ø¨Ø§Ø±
bargain,Ú†Ø§Ù†Ù‡ Ø²Ø¯Ù†
barrier,Ù…Ø§Ù†Ø¹
base,Ù¾Ø§ÛŒÙ‡
based,Ù…Ø³ØªÙ‚Ø±
base on,Ø¨Ø± Ø§Ø³Ø§Ø³
basic,Ù¾Ø§ÛŒÙ‡ Ø§ÛŒ
basically,Ø§Ø³Ø§Ø³Ø§
basis,Ø§Ø³Ø§Ø³
bath,ÙˆØ§Ù†
bathroom,Ø­Ù…Ø§Ù…
battery,Ø¨Ø§ØªØ±ÛŒ
battle,Ù†Ø¨Ø±Ø¯
bay,Ø³Ø±Ø® Ù…Ø§ÛŒÙ„ Ø¨Ù‡ Ù‚Ø±Ù…Ø²
be,Ø¨ÙˆØ¯Ù†
beach,Ø³Ø§Ø­Ù„ Ø¯Ø±ÛŒØ§
beak,Ù…Ù†Ù‚Ø§Ø±
bear,Ø®Ø±Ø³
beard,Ø±ÛŒØ´
beat,Ø¶Ø±Ø¨ Ùˆ Ø´ØªÙ…
beat up,Ø¶Ø±Ø¨ Ùˆ Ø´ØªÙ…
beautiful,Ø²ÛŒØ¨Ø§
beautifully,Ø²ÛŒØ¨Ø§ÛŒÛŒ
beauty,Ø²ÛŒØ¨Ø§ÛŒÛŒ
because,Ø²ÛŒØ±Ø§
because of,Ø¨Ù‡ Ø®Ø§Ø·Ø± Ø§ÛŒÙ†Ú©Ù‡
become,Ø´Ø¯Ù†
bed,Ø¨Ø³ØªØ±
bedroom,Ø§ØªØ§Ù‚ Ø®ÙˆØ§Ø¨
beef,Ú¯ÙˆØ´Øª Ú¯Ø§Ùˆ
beer,Ø¢Ø¨Ø¬Ùˆ
before,Ù‚Ø¨Ù„ Ø§Ø²
begin,Ø´Ø±ÙˆØ¹
beginning,Ø¢ØºØ§Ø²
behalf,Ø§Ø² Ø·Ø±Ù
behave,Ø±ÙØªØ§Ø± Ú©Ø±Ø¯Ù†
behaviour,Ø±ÙØªØ§Ø± - Ø§Ø®Ù„Ø§Ù‚
behind,Ù¾Ø´Øª
be left over,Ø´ÙˆØ¯ Ø¨ÛŒØ´ Ø§Ø² Ø³Ù…Øª Ú†Ù¾
belief,Ø¨Ø§ÙˆØ±
believe,Ø§ÛŒÙ…Ø§Ù† Ø¯Ø§Ø´ØªÙ†
believe in,Ø¨Ø§ÙˆØ±
bell,Ù†Ø§Ù‚ÙˆØ³
belong,ØªØ¹Ù„Ù‚ Ø¯Ø§Ø´ØªÙ†
belong to,Ù…ØªØ¹Ù„Ù‚ Ø¨Ù‡
below,Ø¯Ø± Ø²ÛŒØ±
belt,Ú©Ù…Ø±Ø¨Ù†Ø¯
bend,Ø®Ù…
beneath,Ø¯Ø± Ø²ÛŒØ±
benefit,Ø³ÙˆØ¯
bent,Ø®Ù…
beside,Ø¯Ø± Ú©Ù†Ø§Ø±
best,Ø¨Ù‡ØªØ±ÛŒÙ†
bet,Ø´Ø±Ø·
better,Ø¨Ù‡ØªØ±
betting,Ø´Ø±Ø· Ø¨Ù†Ø¯ÛŒ
between,Ø¨ÛŒÙ†
beyond,ÙØ±Ø§ØªØ±
bicycle,Ø¯ÙˆÚ†Ø±Ø®Ù‡
bid 1,Ù¾ÛŒØ´Ù†Ù‡Ø§Ø¯ 1
big,Ø¨Ø²Ø±Ú¯
bike,Ø¯ÙˆÚ†Ø±Ø®Ù‡
bill,Ù„Ø§ÛŒØ­Ù‡
billion,Ø¨ÛŒÙ„ÛŒÙˆÙ†
bin,ØµÙ†Ø¯ÙˆÙ‚Ú†Ù‡
biology,Ø²ÛŒØ³Øª Ø´Ù†Ø§Ø³ÛŒ
bird,Ù¾Ø±Ù†Ø¯Ù‡
birth,ØªÙˆÙ„Ø¯
birthday,Ø±ÙˆØ² ØªÙˆÙ„Ø¯
biscuit,Ø¨ÛŒØ³Ú©ÙˆÛŒØª
bit,Ø°Ø±Ù‡
bite,Ú¯Ø§Ø²
bitter,ØªÙ„Ø®
bitterly,Ø¨Ù‡ ØªÙ„Ø®ÛŒ
black,Ø³ÛŒØ§Ù‡
blade,ØªÛŒØºÙ‡
blame,Ø³Ø±Ø²Ù†Ø´
blank,Ø¬Ø§ÛŒ Ø®Ø§Ù„ÛŒ
blind,Ú©ÙˆØ±
block,Ù…Ø³Ø¯ÙˆØ¯ Ú©Ø±Ø¯Ù†
blonde,Ø·Ù„Ø§ÛŒÛŒ
blood,Ø®ÙˆÙ†
blow,ÙÙˆØª Ú©Ø±Ø¯Ù†ØŒ Ø¯Ù…ÛŒØ¯Ù†
blow out,Ù…Ù†ÙØ¬Ø± Ø´Ø¯Ù†
blow up,Ù…Ù†ÙØ¬Ø± Ú©Ø±Ø¯Ù†
blue,Ø¢Ø¨ÛŒ
board,ØªØ®ØªÙ‡
boat,Ù‚Ø§ÛŒÙ‚
body,Ø¨Ø¯Ù†
boil,Ø¬ÙˆØ´
bomb,Ø¨Ù…Ø¨
bone,Ø§Ø³ØªØ®ÙˆØ§Ù†
book,Ú©ØªØ§Ø¨
boot,Ù¾ÙˆØªÛŒÙ†
border,Ù…Ø±Ø²
bore,Ù…Ù†ÙØ°
bored,Ø®Ø³ØªÙ‡
boring,Ø­ÙˆØµÙ„Ù‡ Ø³Ø± Ø¨Ø±
born,Ø¨Ø¯Ù†ÛŒØ§ Ø¢Ù…Ø¯Ù†
borrow,Ø§Ù…Ø§Ù†Øª Ú¯Ø±ÙØªÙ†
boss,Ø±Ø¦ÙŠØ³
both,Ù‡Ø± Ø¯Ùˆ
bother,Ø²Ø­Ù…Øª
bottle,Ø¨Ø·Ø±ÛŒ
bottom,Ù¾Ø§ÛŒÛŒÙ†
bound,Ú©Ø±Ø§Ù†
bowl,Ú©Ø§Ø³Ù‡
box,Ø¬Ø¹Ø¨Ù‡
boy,Ù¾Ø³Ø±
boyfriend,Ø¯ÙˆØ³Øª Ù¾Ø³Ø±
brain,Ù…ØºØ²
branch,Ø´Ø§Ø®Ù‡
brand,Ù†Ø§Ù… ØªØ¬Ø§Ø±ÛŒ
brave,Ø´Ø¬Ø§Ø¹
bread,Ù†Ø§Ù†
break,Ø²Ù†Ú¯ ØªÙØ±ÙŠØ­
break down,Ø¯Ø±Ù‡Ù… Ø´Ú©Ø³ØªÙ†
breakfast,ØµØ¨Ø­Ø§Ù†Ù‡
break in,Ù…Ø¯Ø§ÙØ¹Ø§Ù†
break into,Ø´Ú©Ø³ØªÙ† Ø¨Ù‡
break off,Ù‚Ø·Ø¹
break out,ØªØ§ÙˆÙ„ Ø²Ø¯Ù†
break up,ØªÙÚ©ÛŒÚ© Ú©Ø±Ø¯Ù†
breast,Ù¾Ø³ØªØ§Ù†
breath,Ù†ÙØ³
breathe,Ù†ÙØ³ Ú©Ø´ÛŒØ¯Ù†
breathe in,Ù†ÙØ³ Ú©Ø´ÛŒØ¯Ù† Ø¯Ø±
breathe out,Ù†ÙØ³ Ú©Ø´ÛŒØ¯Ù†
breathing,Ù†ÙØ³ ÙƒØ´ÙŠØ¯Ù†
breed,Ù†Ú˜Ø§Ø¯
brick,Ø¢Ø¬Ø±
bridge,Ù¾Ù„
brief,Ù…Ø®ØªØµØ±
briefly,Ø¨Ù‡ Ø·ÙˆØ± Ø®Ù„Ø§ØµÙ‡
bright,Ø±ÙˆØ´Ù†
brightly,Ø±ÙˆØ´Ù†
brilliant,Ø¯Ø±Ø®Ø´Ø§Ù†
bring,Ø±Ø§
bring back,Ø¨Ø±Ú¯Ø±Ø¯Ø§Ù†Ø¯Ù†
bring down,Ù¾Ø§ÛŒÛŒÙ† Ø¢ÙˆØ±Ø¯Ù†
bring forward,Ù†Ø¸Ø± Ú©Ø±Ø¯Ù† Ø¨Ù‡
bring out,Ø¨ÛŒØ±ÙˆÙ† Ø¨ÛŒØ§Ø±
bring up,Ù…Ø·Ø±Ø­ Ú©Ø±Ø¯Ù†
broad,Ù¾Ù‡Ù†
broadcast,Ù¾Ø®Ø´
broadly,Ø¨Ù‡ Ø·ÙˆØ± Ú¯Ø³ØªØ±Ø¯Ù‡
broken,Ø´Ú©Ø³ØªÙ‡ Ø´Ø¯Ù‡
brother,Ø¨Ø±Ø§Ø¯Ø±
brown,Ø±Ù†Ú¯ Ù‚Ù‡ÙˆÙ‡ Ø§ÛŒ
brush,Ù‚Ù„Ù… Ù…Ùˆ
bubble,Ø­Ø¨Ø§Ø¨
budget,Ø¨ÙˆØ¯Ø¬Ù‡
build,Ø³Ø§Ø®ØªÙ†
building,Ø³Ø§Ø®ØªÙ…Ø§Ù†
build up,Ø³Ø§Ø®ØªÙ†
bullet,Ú¯Ù„ÙˆÙ„Ù‡
bunch,Ø¯Ø³ØªÙ‡
burn,Ø³ÙˆØ®ØªÚ¯ÛŒ
burn down,Ø±Ø§ÛŒØª Ú©Ø±Ø¯Ù†
burnt,Ø³ÙˆØ®ØªÙ‡
burst,Ø§Ù†ÙØ¬Ø§Ø±
burst into,Ù¾Ø´Øª Ø³Ø± Ù‡Ù… Ø¨Ù‡
burst out,Ù¾Ø´Øª Ø³Ø± Ù‡Ù…
bury,Ø¯ÙÙ† Ú©Ø±Ø¯Ù†
bus,Ø§ØªÙˆØ¨ÙˆØ³
bush,Ø¨ÙˆØªÙ‡
business,Ú©Ø³Ø¨ Ùˆ Ú©Ø§Ø±
businessman,ØªØ§Ø¬Ø±
busy,Ù…Ø´ØºÙˆÙ„
but,ÙˆÙ„ÛŒ
butter,Ú©Ø±Ù‡
button,Ø¯Ú©Ù…Ù‡
buy,Ø®Ø±ÛŒØ¯
buyer,Ø®Ø±ÛŒØ¯Ø§Ø±
by,ØªÙˆØ³Ø·
bye,Ø®Ø¯Ø§ Ø­Ø§ÙØ¸
cabinet,Ú©Ø§Ø¨ÛŒÙ†Ù‡
cable,Ú©Ø§Ø¨Ù„
cake,Ú©ÛŒÚ©
calculate,Ù…Ø­Ø§Ø³Ø¨Ù‡
calculation,Ù…Ø­Ø§Ø³Ø¨Ù‡
call,ØµØ¯Ø§ Ø²Ø¯Ù†
call back,ØªÙ…Ø§Ø³ Ù¾Ø§Ø³Ø®
called,Ù†Ø§Ù…
call for,ØªÙ…Ø§Ø³ Ø¨Ø±Ø§ÛŒ
call off,Ù…Ù†Ø­Ø±Ù Ú©Ø±Ø¯Ù†
call up,Ø§Ø­Ø¶Ø§Ø± Ú©Ø±Ø¯Ù†
calm,Ø¢Ø±Ø§Ù…
calm down,Ø¢Ø±Ø§Ù… Ø¨Ø§Ø´
calmly,Ø¢Ø±Ø§Ù…Ø´
camera,Ø¯ÙˆØ±Ø¨ÛŒÙ†
camp,Ø§Ø±Ø¯ÙˆÚ¯Ø§Ù‡
campaign,Ù¾ÙˆÛŒØ´
camping,Ú†Ø§Ø¯Ø± Ø²Ø¯Ù†
can 1,Ù…ÛŒ ØªÙˆØ§Ù†ÛŒØ¯ 1
can 2,Ù…ÛŒ 2
cancel,Ù„ØºÙˆ Ú©Ø±Ø¯Ù†
cancer,Ø³Ø±Ø·Ø§Ù†
candidate,Ù†Ø§Ù…Ø²Ø¯
candy,Ø¢Ø¨ Ù†Ø¨Ø§Øª
cannot,Ù†Ù…ÛŒ ØªÙˆØ§Ù†ÛŒØ¯
cap,Ú©Ù„Ø§Ù‡ Ù„Ø¨Ù‡ Ø¯Ø§Ø±
capable,ØªÙˆØ§Ù†Ø§
capacity,Ø¸Ø±ÙÛŒØª
capital,Ø³Ø±Ù…Ø§ÛŒÙ‡ØŒ Ù¾Ø§ÛŒØªØ®Øª
captain,Ù†Ø§Ø®Ø¯Ø§
capture,Ú¯Ø±ÙØªÙ†
car,Ù…Ø§Ø´ÛŒÙ†
card,Ú©Ø§Ø±Øª
cardboard,Ù…Ù‚ÙˆØ§
care,Ù…Ø±Ø§Ù‚Ø¨Øª
career,Ø­Ø±ÙÙ‡
care for,Ù…Ø±Ø§Ù‚Ø¨Øª Ø§Ø²
careful,Ø¯Ù‚ÛŒÙ‚
carefully,Ø¨Ø§ Ø¯Ù‚Øª
careless,Ø¨ÛŒ ØªÙˆØ¬Ù‡
carelessly,Ø¨Ø¯ÙˆÙ† ØªÙˆØ¬Ù‡
carpet,ÙØ±Ø´
carrot,Ù‡ÙˆÛŒØ¬
carry,Ø­Ù…Ù„
carry on,Ø§Ø¯Ø§Ù…Ù‡ Ø¯Ø§Ø¯Ù†
carry out,Ø§Ù†Ø¬Ø§Ù… Ø¯Ø§Ø¯Ù†
case,Ù…ÙˆØ±Ø¯
cash,Ù¾ÙˆÙ„ Ù†Ù‚Ø¯
cast,Ù‚Ø§Ù„Ø¨
castle,Ù‚Ù„Ø¹Ù‡
cat,Ú¯Ø±Ø¨Ù‡
catch,Ú¯Ø±ÙØªÙ†
catch up,Ú¯Ø±ÙØªÙ†
category,Ø¯Ø³ØªÙ‡ Ø¨Ù†Ø¯ÛŒ
cause,Ø¹Ù„Øª
CD,Ø³ÛŒ Ø¯ÛŒ
cease,Ø¯Ø³Øª Ú©Ø´ÛŒØ¯Ù†
ceiling,Ø³Ù‚Ù
celebrate,Ø¬Ø´Ù† Ú¯Ø±ÙØªÙ†
celebration,Ø¬Ø´Ù†
cell,Ø³Ù„ÙˆÙ„
cell phone,ØªÙ„ÙÙ† Ù‡Ù…Ø±Ø§Ù‡
cent,Ø¯Ø±ØµØ¯
centimetre,Ø³Ø§Ù†ØªÛŒ Ù…ØªØ±
central,Ù…Ø±Ú©Ø²ÛŒ
centre,Ù…Ø±Ú©Ø²
century,Ù‚Ø±Ù†
ceremony,Ù…Ø±Ø§Ø³Ù…
certain,Ù…Ø³Ù„Ù… - Ù‚Ø·Ø¹ÛŒ
certainly,Ù‚Ø·Ø¹Ø§
certificate,Ú¯ÙˆØ§Ù‡ÛŒ Ù†Ø§Ù…Ù‡
chain,Ø²Ù†Ø¬ÛŒØ±
chair,ØµÙ†Ø¯Ù„ÛŒ
chairman,Ø±Ø¦ÙŠØ³ Ù‡ÛŒØ¦Øª Ù…Ø¯ÛŒØ±Ù‡
chairwoman,Ø±Ø¦ÛŒØ³
challenge,Ú†Ø§Ù„Ø´
chamber,Ù…Ø­ÙØ¸Ù‡ - Ø§ØªØ§Ù‚
chance,Ø´Ø§Ù†Ø³. ÙØ±ØµØª
change,ØªØºÛŒÛŒØ± Ø¯Ø§Ø¯Ù†
change round,Ø¯ÙˆØ± ØªØºÛŒÛŒØ±
channel,Ú©Ø§Ù†Ø§Ù„
chapter,ÙØµÙ„
character,Ø´Ø®ØµÛŒØª
characteristic,Ù…Ø´Ø®ØµÙ‡
charge,Ø´Ø§Ø±Ú˜
charity,ØµØ¯Ù‚Ù‡
chart,Ú†Ø§Ø±Øª Ø³Ø§Ø²Ù…Ø§Ù†ÛŒ
chase,ØªØ¹Ù‚ÛŒØ¨
chase away,ØªØ¹Ù‚ÛŒØ¨ Ø¯ÙˆØ±
chat,Ú¯Ù¾
cheap,Ø§Ø±Ø²Ø§Ù†
cheaply,Ø§Ø±Ø²Ø§Ù†
cheat,ÙØ±ÛŒØ¨ Ø¯Ø§Ø¯Ù†
cheat of,ØªÙ‚Ù„Ø¨ Ø§Ø²
check,Ø¨Ø±Ø±Ø³ÛŒ
check in,Ø¨Ø±Ø±Ø³ÛŒ Ø¯Ø±
check into,Ø¨Ø±Ø±Ø³ÛŒ Ø¨Ù‡
check on,Ø¨Ø±Ø±Ø³ÛŒ Ú©Ù†ØŒ Ø¨Ø§Ø²Ø±Ø³ÛŒ Ú©Ù†
check out,ÙˆØ§Ø±Ø³ÛŒ
check over,Ø¨Ø±Ø±Ø³ÛŒ Ø¨ÛŒØ´ Ø§Ø²
check up on,Ú†Ú© Ú©Ø±Ø¯Ù† Ø¯Ø±
cheek,Ú¯ÙˆÙ†Ù‡
cheerful,Ø¨Ø´Ø§Ø´
cheerfully,Ø®ÙˆØ´
cheese,Ù¾Ù†ÛŒØ±
chemical,Ø´ÛŒÙ…ÛŒØ§ÛŒÛŒ
chemist,Ø´ÛŒÙ…ÛŒ Ø¯Ø§Ù†
chemistry,Ø¹Ù„Ù… Ø´ÛŒÙ…ÛŒ
cheque,Ø¨Ø±Ø±Ø³ÛŒ
chest,Ù‚ÙØ³Ù‡ Ø³ÛŒÙ†Ù‡
chew,Ø¬ÙˆÛŒØ¯Ù†
chicken,Ø¬ÙˆØ¬Ù‡
chief,Ø±Ø¦ÛŒØ³
child,Ú©ÙˆØ¯Ú©
chin,Ú†Ø§Ù†Ù‡
chip,ØªØ±Ø§Ø´Ù‡
chocolate,Ø´Ú©Ù„Ø§Øª
choice,Ø§Ù†ØªØ®Ø§Ø¨
choose,Ø§Ù†ØªØ®Ø§Ø¨ Ú©Ù†ÛŒØ¯
chop,ØªÚ©Ù‡ Ú©Ø±Ø¯Ù†
chop down,Ø±ÛŒØ² Ø±ÛŒØ² Ú©Ø±Ø¯Ù†
chop off,Ø±ÛŒØ² Ø±ÛŒØ² Ú©Ø±Ø¯Ù†
church,Ú©Ù„ÛŒØ³Ø§
cigarette,Ø³ÛŒÚ¯Ø§Ø±
cinema,Ø³ÛŒÙ†Ù…Ø§
circle,Ø¯Ø§ÛŒØ±Ù‡
circumstance,Ú†Ú¯ÙˆÙ†Ú¯ÛŒØŒ Ø§Ù…Ø±ØŒ ØªÙØµÛŒÙ„ØŒ Ø´Ø±Ø§ÛŒØ· Ù…Ø­ÛŒØ·ØŒ Ù¾ÛŒØ´ Ø§Ù…Ø¯ØŒ Ø´Ø±Ø­
citizen,Ø´Ù‡Ø±ÙˆÙ†Ø¯
city,Ø´Ù‡Ø±Ø³ØªØ§Ù†
civil,Ù…Ø¯Ù†ÛŒ
claim,Ù…Ø·Ø§Ù„Ø¨Ù‡
clap,Ú©Ù Ø²Ø¯Ù†
class,Ú©Ù„Ø§Ø³
classic,Ú©Ù„Ø§Ø³ÛŒÚ©
classroom,Ú©Ù„Ø§Ø³ Ø¯Ø±Ø³
clean,ØªÙ…ÛŒØ²
clean up,Ù¾Ø§Ú© Ú©Ø±Ø¯Ù†
clear,ÙˆØ§Ø¶Ø­
clearly,Ø¨Ù‡ ÙˆØ¶ÙˆØ­
clear out,Ù¾Ø§Ú© Ú©Ø±Ø¯Ù†
clear up,Ù¾Ø§Ú©Ø³Ø§Ø²ÛŒ
clerk,Ù…Ù†Ø´ÛŒ
clever,Ø¨Ø§Ù‡ÙˆØ´
click,Ú©Ù„ÛŒÚ©
client,Ù…Ø´ØªØ±ÛŒ
climate,Ø§Ù‚Ù„ÛŒÙ…
climb,Ø¨Ø§Ù„Ø§ Ø±ÙØªÙ†
climbing,Ø³Ù†Ú¯ Ù†ÙˆØ±Ø¯ÛŒ
clock,Ø³Ø§Ø¹Øª
close 1,Ù†Ø²Ø¯ÛŒÚ© 1
close 2,Ù†Ø²Ø¯ÛŒÚ© 2
closed,Ø¨Ø³ØªÙ‡
closely,Ø¨Ù‡ Ø·Ø±Ø² Ù†Ø²Ø¯ÛŒÚ©
closet,Ú©Ù…Ø¯ Ù„Ø¨Ø§Ø³
cloth,Ù¾Ø§Ø±Ú†Ù‡
clothes,Ù„Ø¨Ø§Ø³ Ù‡Ø§
clothing,ØªÙ† Ù¾ÙˆØ´
cloud,Ø§Ø¨Ø±
club,Ø¨Ø§Ø´Ú¯Ø§Ù‡
coach,Ù…Ø±Ø¨ÛŒ ÙˆØ±Ø²Ø´ÛŒ
coal,Ø²ØºØ§Ù„ Ø³Ù†Ú¯
coast,Ø³Ø§Ø­Ù„
coat,Ú©Øª
code,Ø±Ù…Ø²
coffee,Ù‚Ù‡ÙˆÙ‡
coin,Ø³Ú©Ù‡
cold,Ø³Ø±Ø¯
coldly,Ø¨Ø·ÙˆØ± Ø³Ø±Ø¯
collapse,Ø³Ù‚ÙˆØ· - ÙØ±ÙˆÙ¾Ø§Ø´ÛŒ
colleague,Ù‡Ù…Ú©Ø§Ø±
collect,Ø¬Ù…Ø¹ Ø¢ÙˆØ±ÛŒ
collection,Ù…Ø¬Ù…ÙˆØ¹Ù‡
college,Ø¯Ø§Ù†Ø´Ú©Ø¯Ù‡
colour,Ø±Ù†Ú¯
coloured,Ø±Ù†Ú¯ÛŒ
column,Ø³ØªÙˆÙ†
combination,ØªØ±Ú©ÛŒØ¨
combine,ØªØ±Ú©ÛŒØ¨ Ú©Ø±Ø¯Ù†
come,Ø¨ÛŒØ§
come across,Ù…ÙˆØ§Ø¬Ù‡ Ø´Ø¯Ù†
come down,ÙˆÛŒØ±Ø§Ù† Ø´Ø¯Ù†
comedy,Ú©Ù…Ø¯ÛŒ
come from,Ø§Ø² Ú©Ø¬Ø§ Ø¢Ù…Ø¯Ù‡ Ø§Ø³Øª
come in,Ø¨ÙØ±Ù…Ø§ÛŒÛŒØ¯ ØªÙˆØŒ Ø¨ÛŒØ§ ØªÙˆ
come off,ØªØ­Ù‚Ù‚ ÛŒØ§ÙØªÙ†
come on,Ø¨ÛŒØ§ Ø¯ÛŒÚ¯Ù‡
come out,Ø¨ÛŒØ§ Ø¨ÛŒØ±ÙˆÙ†
come round,Ø¨Ù‡ÙˆØ´ Ø§Ù…Ø¯Ù†
come to,Ø¢Ù…Ø¯Ù† Ø¨Ù‡
come up,Ø¢Ù…Ø¯Ù‡ ØªØ§
come up to,Ø¢Ù…Ø¯Ù‡ ØªØ§
comfort,Ø±Ø§Ø­Øª
comfortable,Ø±Ø§Ø­Øª
comfortably,Ø¨Ù‡ Ø±Ø§Ø­ØªÛŒ
command,ÙØ±Ù…Ø§Ù†
comment,Ø§Ø¸Ù‡Ø§Ø± Ù†Ø¸Ø±
commercial,ØªØ¬Ø§Ø±ÛŒ
commission,Ú©Ù…ÛŒØ³ÛŒÙˆÙ†
commit,Ù…Ø±ØªÚ©Ø¨ Ø´Ø¯Ù†
commitment,ØªØ¹Ù‡Ø¯
committee,Ú©Ù…ÛŒØ³ÛŒÙˆÙ†
common,Ù…Ø´ØªØ±Ú©
commonly,Ø¹Ù…ÙˆÙ…Ø§
communicate,Ø¨Ø±Ù‚Ø±Ø§Ø±ÛŒ Ø§Ø±ØªØ¨Ø§Ø·
communication,Ø§Ø±ØªØ¨Ø§Ø·
community,Ø§Ù†Ø¬Ù…Ù†
company,Ø´Ø±Ú©Øª
compare,Ù…Ù‚Ø§ÛŒØ³Ù‡
comparison,Ù…Ù‚Ø§ÛŒØ³Ù‡
compete,Ø±Ù‚Ø§Ø¨Øª
competition,Ø±Ù‚Ø§Ø¨Øª
competitive,Ø±Ù‚Ø§Ø¨ØªÛŒ
complain,Ø´ÙƒØ§ÙŠØª ÙƒØ±Ø¯Ù†
complaint,Ø´Ú©Ø§ÛŒØª
complete,Ú©Ø§Ù…Ù„
completely,Ø¨Ù‡ Ø·ÙˆØ± Ú©Ø§Ù…Ù„
complex,Ù¾ÛŒÚ†ÛŒØ¯Ù‡
complicate,Ù¾ÛŒÚ†ÛŒØ¯Ù‡
complicated,Ø¨ØºØ±Ù†Ø¬
computer,Ú©Ø§Ù…Ù¾ÛŒÙˆØªØ±
concentrate,ØªÙ…Ø±Ú©Ø²
concentrate on,ØªÙ…Ø±Ú©Ø² Ø¨Ø± Ø±ÙˆÛŒ
concentration,ØªÙ…Ø±Ú©Ø²
concept,Ù…ÙÙ‡ÙˆÙ…
concern,Ù†Ú¯Ø±Ø§Ù†ÛŒ
concerned,Ù†Ú¯Ø±Ø§Ù†
concerning,Ù…Ø±Ø¨ÙˆØ· Ø¨Ù‡
concert,Ú©Ù†Ø³Ø±Øª
conclude,Ù†ØªÛŒØ¬Ù‡ Ú¯Ø±ÙØªÙ†
conclusion,Ù†ØªÛŒØ¬Ù‡
concrete,Ø¨ØªÙ†
condition,ÙˆØ¶Ø¹ÛŒØª
conduct,Ù‡Ø¯Ø§ÛŒØª
conduct,Ù‡Ø¯Ø§ÛŒØª
conference,Ú©Ù†ÙØ±Ø§Ù†Ø³
confidence,Ø§Ø¹ØªÙ…Ø§Ø¯ Ø¨Ù‡ Ù†ÙØ³
confident,Ù…Ø·Ù…Ø¦Ù†
confidently,Ø¨Ø§ Ø§Ø·Ù…ÛŒÙ†Ø§Ù†
confine,Ù…Ø­Ø¯ÙˆØ¯ Ú©Ø±Ø¯Ù†
confined,Ù…Ø­Ø¯ÙˆØ¯
confirm,ØªØ§ÛŒÛŒØ¯
conflict,ØªØ¹Ø§Ø±Ø¶
confront,Ù…ÙˆØ§Ø¬Ù‡ Ø´Ø¯Ù†
confuse,Ø§Ø´ØªØ¨Ø§Ù‡
confused,Ø³Ø±Ø¯Ø±Ú¯Ù…
confusing,Ú¯ÛŒØ¬ Ú©Ù†Ù†Ø¯Ù‡
confusion,Ú¯ÛŒØ¬ÛŒ
congratulate,ØªØ¨Ø±ÛŒÚ© Ù…ÛŒ Ú¯ÙˆÛŒÙ…
congratulation,ØªØ¨Ø±ÛŒÚ©
congress,Ú©Ù†Ú¯Ø±Ù‡
connect,Ø§ØªØµØ§Ù„
connected,Ù…ØªØµÙ„
connection,Ø§Ø±ØªØ¨Ø§Ø·
conscious,Ù‡ÙˆØ´ÛŒØ§Ø±ØŒ Ø¢Ú¯Ø§Ù‡
consequence,Ù†ØªÛŒØ¬Ù‡
conservative,Ù…Ø­Ø§ÙØ¸Ù‡ Ú©Ø§Ø±
consider,Ø¯Ø± Ù†Ø¸Ø± Ú¯Ø±ÙØªÙ†
considerable,Ù‚Ø§Ø¨Ù„ ØªÙˆØ¬Ù‡
considerably,Ø¨Ø·ÙˆØ± Ù‚Ø§Ø¨Ù„ ØªÙˆØ¬Ù‡ÛŒ
consideration,ØªÙˆØ¬Ù‡
consist,ØªØ´Ú©ÛŒÙ„ Ø´Ø¯Ù‡ Ø§Ø³Øª Ø§Ø²
consist of,Ø´Ø§Ù…Ù„
constant,Ù…Ù‚Ø¯Ø§Ø± Ø«Ø§Ø¨Øª
constantly,Ø¨Ù‡ Ø·ÙˆØ± Ù…Ø¯Ø§ÙˆÙ…
construct,Ø³Ø§Ø®ØªÙ†
construction,Ø³Ø§Ø®Øª Ùˆ Ø³Ø§Ø²
consult,Ù…Ø´ÙˆØ±Øª Ú©Ø±Ø¯Ù†
consumer,Ù…ØµØ±Ù Ú©Ù†Ù†Ø¯Ù‡
contact,Ù…Ø®Ø§Ø·Ø¨
contain,Ø­Ø§ÙˆÛŒ
container,Ø¸Ø±Ù
contemporary,Ø§Ù…Ø±ÙˆØ²ÛŒ
content 1,Ù…Ø­ØªÙˆØ§ÛŒ 1
contest,Ù…Ø³Ø§Ø¨Ù‚Ù‡
context,Ù…ØªÙ† Ù†ÙˆØ´ØªÙ‡
continent,Ù‚Ø§Ø±Ù‡
continue,Ø§Ø¯Ø§Ù…Ù‡ Ù‡ÛŒØ¯
continuous,Ù…Ø¯Ø§ÙˆÙ…
continuously,Ø¨Ù‡ Ø·ÙˆØ± Ù…Ø¯Ø§ÙˆÙ…
contract,Ù‚Ø±Ø§Ø±Ø¯Ø§Ø¯
contract,Ù‚Ø±Ø§Ø±Ø¯Ø§Ø¯
contrast,ØªØ¶Ø§Ø¯
contrast,ØªØ¶Ø§Ø¯
contrasting,Ù…ØªØ¶Ø§Ø¯
contribute,Ù…Ø´Ø§Ø±Ú©Øª
contribution,Ù…Ø´Ø§Ø±Ú©Øª
control,Ú©Ù†ØªØ±Ù„
controlled,Ú©Ù†ØªØ±Ù„
convenient,Ø±Ø§Ø­Øª
convention,Ù‚Ø±Ø§Ø±Ø¯Ø§Ø¯
conventional,Ù…Ø±Ø³ÙˆÙ…
conversation,Ú¯ÙØªÚ¯Ùˆ
convert,ØªØ¨Ø¯ÛŒÙ„
convince,Ù…ØªÙ‚Ø§Ø¹Ø¯ Ú©Ø±Ø¯Ù†
cook,Ù¾Ø®ØªÙ†
cooker,Ø§Ø¬Ø§Ù‚ Ú¯Ø§Ø²
cookie,Ú©ÙˆÚ©ÛŒ
cooking,Ù¾Ø®Øª Ùˆ Ù¾Ø²
cool,Ø³Ø±Ø¯
cool down,Ø¢Ø±Ø§Ù… Ø´Ø¯Ù†
cope,Ù…Ù‚Ø§Ø¨Ù„Ù‡
copy,Ú©Ù¾ÛŒ ğŸ€„
core,Ù‡Ø³ØªÙ‡
corner,Ú¯ÙˆØ´Ù‡
correct,Ø¯Ø±Ø³Øª
correctly,Ø¨Ù‡ Ø¯Ø±Ø³ØªÛŒ
cost,Ù‡Ø²ÛŒÙ†Ù‡
cottage,Ú©Ù„Ø¨Ù‡
cotton,Ù¾Ù†Ø¨Ù‡
cough,Ø³Ø±ÙÙ‡ Ú©Ø±Ø¯Ù†
coughing,Ø³Ø±ÙÙ‡
could,Ù…ÛŒØªÙˆØ§Ù†Ø³Øª
council,Ø´ÙˆØ±Ø§
count,Ø´Ù…Ø±Ø¯Ù†
counter,Ù¾ÛŒØ´Ø®ÙˆØ§Ù†
count on,ØªØ¹Ø¯Ø§Ø¯ Ø¯ÙØ¹Ø§Øª Ù…Ø´Ø§Ù‡Ø¯Ù‡ Ø´Ø¯Ù‡
country,Ú©Ø´ÙˆØ±
countryside,Ø­ÙˆÙ…Ù‡ Ø´Ù‡Ø±
county,Ø´Ù‡Ø±Ø³ØªØ§Ù†
couple,Ø²Ù† Ùˆ Ø´ÙˆÙ‡Ø±
courage,Ø´Ø¬Ø§Ø¹Øª
course,Ø¯ÙˆØ±Ù‡
court,Ø¯Ø§Ø¯Ú¯Ø§Ù‡
cousin,Ø¹Ù…Ùˆ Ø²Ø§Ø¯Ù‡
cover,Ù¾ÙˆØ´Ø´ Ø¯Ø§Ø¯Ù†
covered,Ø³Ø±Ù¾ÙˆØ´ÛŒØ¯Ù‡
covering,Ù¾ÙˆØ´Ø´
cover up,Ø³Ø±Ù¾ÙˆØ´ Ú¯Ø°Ø§Ø´ØªÙ†
cow,Ú¯Ø§Ùˆ
crack,ØªØ±Ú©
cracked,Ú©Ø±Ú©
craft,Ù…Ù‡Ø§Ø±Øª
crash,ØªØµØ§Ø¯Ù Ø¯Ø±
crazy,Ø¯ÛŒÙˆØ§Ù†Ù‡
cream,Ú©Ø±Ù… Ø±Ù†Ú¯
create,Ø§ÛŒØ¬Ø§Ø¯ Ú©Ø±Ø¯Ù†
creature,Ù…ÙˆØ¬ÙˆØ¯
credit,Ø§Ø¹ØªØ¨Ø§Ø±
credit card,Ú©Ø§Ø±Øª Ø§Ø¹ØªØ¨Ø§Ø±ÛŒ
crime,Ø¬Ø±Ù…
criminal,Ø¬Ù†Ø§ÛŒÛŒ
crisis,Ø¨Ø­Ø±Ø§Ù†
crisp,ØªØ±Ø¯
criterion,Ù…Ø¹ÛŒØ§Ø±
critical,Ø¨Ø­Ø±Ø§Ù†ÛŒ
criticism,Ø§Ù†ØªÙ‚Ø§Ø¯
criticize,Ø§Ù†ØªÙ‚Ø§Ø¯ Ú©Ø±Ø¯Ù†
crop,Ù…Ø­ØµÙˆÙ„
cross,ØµÙ„ÛŒØ¨
cross out,Ø¹Ø¨ÙˆØ± Ø§Ø²
crowd,Ø¬Ù…Ø¹ÛŒØª
crowded,Ø´Ù„ÙˆØº
crown,ØªØ§Ø¬ Ù¾Ø§Ø¯Ø´Ø§Ù‡ÛŒ
crucial,Ø­ÛŒØ§ØªÛŒ
cruel,Ø¸Ø§Ù„Ù…Ø§Ù†Ù‡
crush,Ù„Ù‡ Ø´Ø¯Ù†
cry,Ú¯Ø±ÛŒÙ‡ Ú©Ø±Ø¯Ù†
cry out,Ú¯Ø±ÛŒÙ‡ Ú©Ø±Ø¯Ù†
cultural,ÙØ±Ù‡Ù†Ú¯ÛŒ
culture,ÙØ±Ù‡Ù†Ú¯
cup,ÙÙ†Ø¬Ø§Ù†
cupboard,Ú©Ø§Ø¨ÛŒÙ†Øª
curb,Ù…Ø­Ø¯ÙˆØ¯ Ú©Ø±Ø¯Ù†
cure,Ø¯Ø±Ù…Ø§Ù†
curious,Ú©Ù†Ø¬Ú©Ø§Ùˆ
curiously,Ø¬Ø§Ù„Ø¨
curl,Ø­Ù„Ù‚Ù‡
curl up,Ø­Ù„Ù‚Ù‡
curly,Ù…Ø¬Ø¹Ø¯
current,Ø¬Ø§Ø±ÛŒ
currently,Ø¯Ø± Ø­Ø§Ù„ Ø­Ø§Ø¶Ø±
curtain,Ù¾Ø±Ø¯Ù‡
curve,Ù…Ù†Ø­Ù†ÛŒ
curved,Ù…Ù†Ø­Ù†ÛŒ
custom,Ø³ÙØ§Ø±Ø´ÛŒ
customer,Ù…Ø´ØªØ±ÛŒ
customs,Ú¯Ù…Ø±Ú©
cut,Ù‚Ø·Ø¹ ÙƒØ±Ø¯Ù†
cut back,ØªÙ…Ø§Ø³ Ø¨Ø±Ø´
cut down,Ú©Ø§Ù‡Ø´
cut off,Ù‚Ø·Ø¹ Ú©Ø±Ø¯Ù†
cut out,Ø¨Ø±Ø´ Ø¯Ø§Ø¯Ù†
cut up,Ù‚Ø·Ø¹ Ú©Ø±Ø¯Ù†
cycle,Ú†Ø±Ø®Ù‡
cycling,Ø¯ÙˆÚ†Ø±Ø®Ù‡ Ø³ÙˆØ§Ø±ÙŠ
dad,Ù¾Ø¯Ø±
daily,Ø±ÙˆØ²Ø§Ù†Ù‡
damage,Ø®Ø³Ø§Ø±Øª
damp,Ù…Ø±Ø·ÙˆØ¨ Ø¢Ù…ÙˆØ²Ø´ Ø²Ø¨Ø§Ù†
dance,Ø±Ù‚Øµ
dancer,Ø±Ù‚Ø§Øµ
dancing,Ø±Ù‚Øµ
danger,Ø®Ø·Ø±
dangerous,Ø®Ø·Ø±Ù†Ø§Ú©
dare,Ø´Ù‡Ø§Ù…Øª
dark,ØªØ§Ø±ÛŒÚ©
data,Ø¯Ø§Ø¯Ù‡ Ù‡Ø§
date,ØªØ§Ø±ÛŒØ®
date back,ØªØ§Ø±ÛŒØ® ØªÙ…Ø§Ø³
daughter,ÙØ±Ø²Ù†Ø¯ Ø¯Ø®ØªØ±
day,Ø±ÙˆØ²
dead,Ù…Ø±Ø¯Ù‡
deaf,Ú©Ø±
deal,Ù…Ø¹Ø§Ù…Ù„Ù‡
deal in,Ø¨Ø±Ø®ÙˆØ±Ø¯
deal with,Ø³Ø± Ùˆ Ú©Ø§Ø± Ø¯Ø§Ø±Ø¯ Ø¨Ø§
dear,Ø¹Ø²ÛŒØ²
death,Ù…Ø±Ú¯
debate,Ù…Ù†Ø§Ø¸Ø±Ù‡
debt,Ø¨Ø¯Ù‡ÛŒ
decade,Ø¯Ù‡Ù‡
decay,Ù¾ÙˆØ³ÛŒØ¯Ú¯ÛŒ
December,Ø¯Ø³Ø§Ù…Ø¨Ø±
decide,ØªØµÙ…ÙŠÙ… Ú¯Ø±ÙØªÙ†
decide on,ØªØµÙ…ÛŒÙ… Ú¯ÛŒØ±ÛŒ Ø¯Ø±
decision,ØªØµÙ…ÛŒÙ…
declare,Ø§Ø¹Ù„Ø§Ù…
decline,Ú©Ø§Ù‡Ø´ Ù…ÛŒ ÛŒØ§Ø¨Ø¯
decorate,ØªØ²Ø¦ÛŒÙ†
decoration,ØªØ²ÛŒÛŒÙ†
decorative,Ø²ÛŒÙ†ØªÛŒ
decrease,Ù†Ø²ÙˆÙ„ Ú©Ø±Ø¯Ù†
deep,Ø¹Ù…ÛŒÙ‚
deeply,Ø¹Ù…ÛŒÙ‚Ø§
defeat,Ø´Ú©Ø³Øª
defence,Ø¯ÙØ§Ø¹
defend,Ø¯ÙØ§Ø¹
define,ØªØ¹Ø±ÙŠÙ ÙƒØ±Ø¯Ù†
definite,Ù‚Ø·Ø¹ÛŒ
definitely,Ù‚Ø·Ø¹Ø§
definition,ØªØ¹Ø±ÛŒÙ
degree,Ø¯Ø±Ø¬Ù‡
delay,ØªØ§Ø®ÛŒØ± Ø§Ù†Ø¯Ø§Ø®ØªÙ†
deliberate,Ø­Ø³Ø§Ø¨ Ø´Ø¯Ù‡
deliberately,Ø¹Ù…Ø¯Ø§
delicate,Ø¸Ø±ÛŒÙ
delight,Ù„Ø°Øª Ø¨Ø³ÛŒØ§Ø±
delighted,Ø®ÙˆØ´Ø­Ø§Ù„
deliver,Ø§Ø±Ø§Ø¦Ù‡
delivery,ØªØ­ÙˆÛŒÙ„
demand,ØªÙ‚Ø§Ø¶Ø§
demonstrate,Ù†Ø´Ø§Ù† Ø¯Ø§Ø¯Ù†
dentist,Ø¯Ù†Ø¯Ø§Ù†Ù¾Ø²Ø´Ú©
deny,Ø§Ù†Ú©Ø§Ø±
department,Ø¨Ø®Ø´
departure,Ø¹Ø²ÛŒÙ…ØªØŒ Ø®Ø±ÙˆØ¬
depend,Ø¨Ø³ØªÚ¯ÛŒ Ø¯Ø§Ø±Ø¯
depend on,Ø¨Ø³ØªÚ¯ÛŒ Ø¯Ø§Ø±Ø¯
deposit,Ø³Ù¾Ø±Ø¯Ù‡
depress,Ø§ÙØ³Ø±Ø¯Ù‡
depressed,Ø§ÙØ³Ø±Ø¯Ù‡
depressing,Ø§ÙØ³Ø±Ø¯Ù‡
depth,Ø¹Ù…Ù‚
derive,Ø§Ø³ØªØ®Ø±Ø§Ø¬
derive from,Ù…Ø´ØªÙ‚ Ø§Ø²
describe,ØªÙˆØµÛŒÙ Ú©Ø±Ø¯Ù†
description,Ø´Ø±Ø­
desert,Ú©ÙˆÛŒØ±
desert,Ú©ÙˆÛŒØ±
deserted,Ø®Ø§Ù„ÛŒ Ø§Ø² Ø³Ú©Ù†Ù‡
deserve,Ø³Ø²Ø§ÙˆØ§Ø±
design,Ø·Ø±Ø­
desire,Ù…ÛŒÙ„
desk,Ù…ÛŒØ² Ú©Ø§Ø±
desperate,Ù…Ø³ØªØ§ØµÙ„
desperately,Ø¨Ù‡ Ø´Ø¯Øª
despite,Ø¨Ø§ ÙˆØ¬ÙˆØ¯
destroy,Ø§Ø² Ø¨ÛŒÙ† Ø±ÙØªÙ†
destruction,ØªØ®Ø±ÛŒØ¨
detail,Ø¬Ø²Ø¦ÛŒØ§Øª
detailed,Ø¬Ø²Ø¦ÛŒØ§Øª
determination,ØªØ¹ÛŒÛŒÙ†
determine,ØªØ¹ÛŒÛŒÙ†
determined,Ù…Ø´Ø®Øµ
develop,ØªÙˆØ³Ø¹Ù‡
development,ØªÙˆØ³Ø¹Ù‡
device,Ø¯Ø³ØªÚ¯Ø§Ù‡
devote,Ø§Ø®ØªØµØ§Øµ
devoted,ÙØ¯Ø§Ú©Ø§Ø±
devote to,Ø§Ø®ØªØµØ§Øµ Ø¨Ù‡
diagram,Ù†Ù…ÙˆØ¯Ø§Ø±
diamond,Ø§Ù„Ù…Ø§Ø³
diary,Ø¯ÙØªØ± Ø®Ø§Ø·Ø±Ø§Øª
dictionary,ÙØ±Ù‡Ù†Ú¯ Ù„ØºØª
die,Ù…Ø±Ø¯Ù†
die away,Ù…Ø±Ú¯ Ø¯ÙˆØ±
die out,Ø®Ø§Ù…ÙˆØ´ Ø´Ø¯Ù†
diet,Ø±Ú˜ÛŒÙ… ØºØ°Ø§ÛŒÛŒ
difference,ØªÙØ§ÙˆØª
different,Ù†Ø§Ù‡Ù…Ø³Ø§Ù†
differently,Ø¨Ø·ÙˆØ± Ù…ØªÙØ§ÙˆØª
difficult,Ø¯Ø´ÙˆØ§Ø±
difficulty,Ù…Ø´Ú©Ù„
dig,Ø­ÙØ± Ú©Ø±Ø¯Ù†
digital,Ø¯ÛŒØ¬ÛŒØªØ§Ù„
dinner,Ø´Ø§Ù…
direct,Ù…Ø³ØªÙ‚ÛŒÙ…
direction,Ø¬Ù‡Øª
directly,Ø¨Ù‡ Ø·ÙˆØ± Ù…Ø³ØªÙ‚ÛŒÙ…
director,Ù…Ø¯ÛŒØ±
dirt,Ø®Ø§Ú©
dirty,Ú©Ø«ÛŒÙ
disabled,Ù…Ø¹Ù„ÙˆÙ„
disadvantage,Ø¹ÛŒØ¨
disagree,Ù…Ø®Ø§Ù„Ù Ø¨ÙˆØ¯Ù†
disagreement,Ø§Ø®ØªÙ„Ø§Ù
disagree with doing,Ù…Ø®Ø§Ù„ÙØª Ø¨Ø§ Ø§Ù†Ø¬Ø§Ù…
disappear,Ù†Ø§Ù¾Ø¯ÛŒØ¯ Ø´Ø¯Ù†
disappoint,Ù†Ø§ Ø§Ù…ÛŒØ¯
disappointed,Ù†Ø§ Ø§Ù…ÛŒØ¯
disappointing,Ù†Ø§Ø§Ù…ÛŒØ¯ Ú©Ù†Ù†Ø¯Ù‡
disappointment,Ù†Ø§ Ø§Ù…ÛŒØ¯ÛŒ
disapproval,Ø¹Ø¯Ù… ØªØ§ÛŒÛŒØ¯
disapprove,Ù…Ø®Ø§Ù„ÙØª
disapproving,Ù…Ø®Ø§Ù„Ù
disaster,ÙØ§Ø¬Ø¹Ù‡
disc,Ø¯ÛŒØ³Ú©
discipline,Ø§Ù†Ø¶Ø¨Ø§Ø·
discount,ØªØ®ÙÛŒÙ
discover,Ú©Ø´Ù Ú©Ø±Ø¯Ù†
discovery,Ú©Ø´Ù
discuss,Ø¨Ø­Ø« Ùˆ Ú¯ÙØªÚ¯Ùˆ
discussion,Ø¨Ø­Ø«
disease,Ø¨ÛŒÙ…Ø§Ø±ÛŒ
disgust,Ø§Ù†Ø²Ø¬Ø§Ø±
disgusted,Ù…Ù†Ø²Ø¬Ø±
disgusting,Ú†Ù†Ø¯Ø´ Ø¢ÙˆØ±
dish,Ø¸Ø±Ù
dishonest,Ù…ØªÙ‚Ù„Ø¨
dishonestly,ØµØ¯Ø§Ù‚Øª
disk,Ø¯ÛŒØ³Ú©
dislike,Ø¯ÙˆØ³Øª Ù†Ø¯Ø§Ø´ØªÙ†
dismiss,Ø±Ø¯
display,Ù†Ù…Ø§ÛŒØ´ Ø¯Ø§Ø¯Ù†
dissolve,Ø­Ù„ Ú©Ø±Ø¯Ù†
distance,ÙØ§ØµÙ„Ù‡
distinguish,ØªÙ…ÛŒØ² Ø¯Ø§Ø¯Ù†
distribute,ØªÙˆØ²ÛŒØ¹ Ú©Ø±Ø¯Ù†
distribution,ØªÙˆØ²ÛŒØ¹
district,Ù†Ø§Ø­ÛŒÙ‡
disturb,Ù…Ø²Ø§Ø­Ù…
disturbing,Ø§Ø®Ù„Ø§Ù„
divide,ØªÙ‚Ø³ÛŒÙ…
division,Ø¨Ø®Ø´
divorce,Ø·Ù„Ø§Ù‚
divorced,Ø¬Ø¯Ø§ Ø´Ø¯Ù‡
do 1,Ø§Ù†Ø¬Ø§Ù… 1
doctor,Ø¯Ú©ØªØ±
document,Ø³Ù†Ø¯
dog,Ø³Ú¯
dollar,Ø¯Ù„Ø§Ø±
domestic,Ø¯Ø§Ø®Ù„ÛŒ
dominate,ØªØ³Ù„Ø· Ø¯Ø§Ø´ØªÙ†
door,Ø¯Ø±ØŒ Ø¯Ø±Ø¨
dot,Ù†Ù‚Ø·Ù‡
double,Ø¯Ùˆ Ø¨Ø±Ø§Ø¨Ø±
doubt,Ø´Ú©
do up,Ø§Ù†Ø¬Ø§Ù… Ø¯Ø§Ø¯Ù†
do with,Ø§Ù†Ø¬Ø§Ù… Ø¨Ø§
do without,Ø¨Ø¯ÙˆÙ† Ø§Ù†Ø¬Ø§Ù…
down,Ù¾Ø§ÛŒÛŒÙ†
downstairs,Ø·Ø¨Ù‚Ù‡ Ù¾Ø§ÛŒÛŒÙ†
downward,Ø±Ùˆ Ø¨Ù‡ Ù¾Ø§ÛŒÛŒÙ†
downwards,Ø±Ùˆ Ø¨Ù‡ Ù¾Ø§ÛŒÛŒÙ†
dozen,Ø¯ÙˆØ¬ÛŒÙ†
draft,Ù¾ÛŒØ´ Ù†ÙˆÛŒØ³
drag,Ú©Ø´ÛŒØ¯Ù†
drama,Ù†Ù…Ø§ÛŒØ´
dramatic,Ù†Ù…Ø§ÛŒØ´ÛŒ
dramatically,Ø¨Ù‡ Ø·ÙˆØ± Ú†Ø´Ù…Ú¯ÛŒØ±ÛŒ
draw,Ù‚Ø±Ø¹Ù‡ Ú©Ø´ÛŒ
drawer,Ú©Ø´Ùˆ
drawing,Ø±Ø³Ù…
dream,Ø±ÙˆÛŒØ§
dress,Ù„Ø¨Ø§Ø³
dressed,Ù„Ø¨Ø§Ø³ Ù¾ÙˆØ´ÛŒØ¯Ù‡
dress up,Ù„Ø¨Ø§Ø³ Ù¾ÙˆØ´ÛŒØ¯Ù†
drink,Ù†ÙˆØ´ÛŒØ¯Ù†
drive,Ø±Ø§Ù†Ø¯Ù†
drive away,Ø±Ø§Ù†Ø¯Ù†
drive-off,Ø±Ø§Ù†Ù†Ø¯Ú¯ÛŒ Ú©Ø±Ø¯Ù†
driver,Ø±Ø§Ù†Ù†Ø¯Ù‡
driving,Ø±Ø§Ù†Ù†Ø¯Ú¯ÛŒ
drop,Ø±Ù‡Ø§ Ú©Ø±Ø¯Ù†
drop out,Ø±Ù‡Ø§ Ú©Ø±Ø¯Ù†
drug,Ø¯Ø§Ø±Ùˆ
drugstore,Ø¯Ø§Ø±ÙˆØ®Ø§Ù†Ù‡
drum,Ø·Ø¨Ù„
drunk,Ù…Ø³Øª
dry,Ø®Ø´Ú©
dry off,Ø®Ø´Ú© Ú©Ø±Ø¯Ù†
dry up,Ø®Ø´Ú© Ú©Ø±Ø¯Ù†
due,Ù†Ø§Ø´ÛŒ Ø§Ø²
dull,Ú©Ø¯Ø±
dump,Ø²Ø¨Ø§Ù„Ù‡
during,Ø¯Ø± Ø­ÛŒÙ†
dust,Ú¯Ø±Ø¯ Ùˆ Ø®Ø§Ú©
duty,ÙˆØ¸ÛŒÙÙ‡
DVD,Ø¯ÛŒ ÙˆÛŒ Ø¯ÛŒ
dying,Ø¯Ø± Ø­Ø§Ù„ Ù…Ø±Ú¯
each,Ù‡Ø± ÛŒÚ©
each other,ÛŒÚ©Ø¯ÛŒÚ¯Ø±
ear,Ú¯ÙˆØ´
early,Ø²ÙˆØ¯
earn,Ø¨Ø¯Ø³Øª Ø¢ÙˆØ±Ø¯Ù†
earth,Ø²Ù…ÛŒÙ†
ease,Ø³Ù‡ÙˆÙ„Øª
easily,Ø¨Ù‡ Ø±Ø§Ø­ØªÛŒ
east,Ø´Ø±Ù‚
eastern,Ø´Ø±Ù‚ÛŒ
easy,Ø³Ø§Ø¯Ù‡
eat,Ø®ÙˆØ±Ø¯Ù†
eat out,Ø¨ÛŒØ±ÙˆÙ† ØºØ°Ø§ Ø®ÙˆØ±Ø¯Ù†
eat up,Ú©Ø§Ù…Ù„ Ø®ÙˆØ±Ø¯Ù†
economic,Ø§Ù‚ØªØµØ§Ø¯ÛŒ
economy,Ø§Ù‚ØªØµØ§Ø¯
edge,Ø­Ø§Ø´ÛŒÙ‡ØŒ ØºÛŒØ±Ù…ØªÙ…Ø±Ú©Ø²
edition,Ú†Ø§Ù¾
editor,ÙˆÛŒØ±Ø§ÛŒØ´Ú¯Ø±
educate,Ø¢Ù…ÙˆØ²Ø´
educated,Ø¢Ù…ÙˆØ²Ø´
education,ØªØ­ØµÛŒÙ„Ø§Øª
effect,Ø§Ø«Ø±
effective,ØªØ§Ø«ÙŠØ± Ú¯Ø°Ø§Ø±
effectively,Ø¨Ù‡ Ø·ÙˆØ± Ù…ÙˆØ«Ø±
efficient,Ú©Ø§Ø±Ø¢Ù…Ø¯
efficiently,Ù…ÙˆØ«Ø±
effort,ØªÙ„Ø§Ø´
e.g.,Ø¨Ù‡ Ø¹Ù†ÙˆØ§Ù† Ù…Ø«Ø§Ù„ØŒ
egg,ØªØ®Ù… Ù…Ø±Øº
eight,Ù‡Ø´Øª
eighteen,Ù‡Ø¬Ø¯Ù‡
eighteenth,Ù‡Ø¬Ø¯Ù‡Ù…
eighth,Ù‡Ø´ØªÙ…ÛŒÙ†
eightieth,Ù‡Ø´ØªØ§Ø¯Ù…ÛŒÙ†
eighty,Ù‡Ø´ØªØ§Ø¯
either,Ù‡Ù…
elbow,Ø¢Ø±Ù†Ø¬
elderly,Ù…Ø³Ù†
elect,Ø¨Ø±Ú¯Ø²ÛŒØ¯Ù†
election,Ø§Ù†ØªØ®Ø§Ø¨
electric,Ø¨Ø±Ù‚ÛŒ
electrical,Ø§Ù„Ú©ØªØ±ÛŒÚ©ÛŒ
electricity,Ø¨Ø±Ù‚
electronic,Ø§Ù„Ú©ØªØ±ÙˆÙ†ÛŒÚ©ÛŒ
elegant,Ø²ÛŒØ¨Ø§
element,Ø¹Ù†ØµØ±
elevator,Ø¢Ø³Ø§Ù†Ø³ÙˆØ±
eleven,ÛŒØ§Ø²Ø¯Ù‡
eleventh,ÛŒØ§Ø²Ø¯Ù‡Ù…
else,Ø¯ÛŒÚ¯Ø±
elsewhere,Ø¯Ø± Ø¬Ø§ÛŒ Ø¯ÛŒÚ¯Ø±
email,Ù¾Ø³Øª Ø§Ù„Ú©ØªØ±ÙˆÙ†ÛŒÚ©
embarrass,Ø´Ø±Ù…Ø³Ø§Ø±
embarrassed,Ø®Ø¬Ù„
embarrassing,Ø´Ø±Ù… Ø¢ÙˆØ±
embarrassment,Ø®Ø¬Ø§Ù„Øª
emerge,Ø¸Ù‡ÙˆØ±
emergency,Ø§Ø¶Ø·Ø±Ø§Ø±ÛŒ
emotion,Ù‡ÛŒØ¬Ø§Ù†ÛŒ
emotional,Ø¹Ø§Ø·ÙÛŒ
emotionally,Ø§Ø­Ø³Ø§Ø³ÛŒ
emphasis,ØªØ§Ú©ÛŒØ¯
emphasize,Ø§Ù‡Ù…ÛŒØª Ø¯Ø§Ø¯Ù†
empire,ÙØ±Ù…Ø§Ù†Ø±ÙˆØ§ÛŒÛŒ
employ,Ø§Ø³ØªØ®Ø¯Ø§Ù…
employee,Ú©Ø§Ø±Ù…Ù†Ø¯
employer,Ú©Ø§Ø±ÙØ±Ù…Ø§
employment,Ø§Ø³ØªØ®Ø¯Ø§Ù…
empty,Ø®Ø§Ù„ÛŒ
enable,Ù‚Ø§Ø¯Ø± Ø³Ø§Ø®ØªÙ†
encounter,Ø±ÙˆÛŒØ§Ø±ÙˆÛŒÛŒ
encourage,ØªØ´ÙˆÙŠÙ‚ ÙƒØ±Ø¯Ù†
encouragement,ØªØ´ÙˆÛŒÙ‚
end,Ù¾Ø§ÛŒØ§Ù†
end in,Ù¾Ø§ÛŒØ§Ù† Ø¯Ø§Ø¯Ù† Ø¨Ù‡ Ø¯Ø±
ending,Ù¾Ø§ÛŒØ§Ù†
end up,ØªØ§ Ù¾Ø§ÛŒØ§Ù†
enemy,Ø¯Ø´Ù…Ù†
energy,Ø§Ù†Ø±Ú˜ÛŒ
engage,Ù…Ø´ØºÙˆÙ„ Ú©Ø±Ø¯Ù†
engaged,Ù†Ø§Ù…Ø²Ø¯ Ø´Ø¯Ù‡
engine,Ù…ÙˆØªÙˆØ±
engineer,Ù…Ù‡Ù†Ø¯Ø³
engineering,Ù…Ù‡Ù†Ø¯Ø³ÛŒ
enjoy,Ù„Ø°Øª Ø¨Ø¨Ø±ÛŒØ¯
enjoyable,Ù„Ø°Øª Ø¨Ø®Ø´
enjoyment,Ù„Ø°Øª
enormous,Ø¹Ø¸ÛŒÙ…
enough,Ú©Ø§ÙÛŒ
enquiry,ØªØ­Ù‚ÛŒÙ‚
ensure,Ø§Ø·Ù…ÛŒÙ†Ø§Ù† Ø­Ø§ØµÙ„ Ø´ÙˆØ¯
enter,ÙˆØ§Ø±Ø¯
entertain,Ø³Ø±Ú¯Ø±Ù…
entertainer,Ø³Ø±Ú¯Ø±Ù… Ú©Ù†Ù†Ø¯Ù‡
entertaining,Ø³Ø±Ú¯Ø±Ù… Ú©Ù†Ù†Ø¯Ù‡
entertainment,Ø³Ø±Ú¯Ø±Ù…ÛŒ
enthusiasm,Ø§Ø´ØªÛŒØ§Ù‚
enthusiastic,Ù…Ø´ØªØ§Ù‚
enthusiastically,Ø¨Ø§ Ø´ÙˆØ± Ùˆ Ø´ÙˆÙ‚
entire,ØªÙ…Ø§Ù…
entirely,Ú©Ø§Ù…Ù„Ø§
entitle,Ø­Ù‚ Ø¯Ø§Ø´ØªÙ†
entrance 1,ÙˆØ±ÙˆØ¯ÛŒ 1
entry,ÙˆØ±ÙˆØ¯
envelope,Ù¾Ø§ÙƒØª Ù†Ø§Ù…Ù‡
environment,Ù…Ø­ÛŒØ·
environmental,Ù…Ø­ÛŒØ·ÛŒ
equal,Ø¨Ø±Ø§Ø¨Ø±
equally,Ø¨Ù‡ Ù‡Ù…Ø§Ù† Ø§Ù†Ø¯Ø§Ø²Ù‡
equipment,ØªØ¬Ù‡ÛŒØ²Ø§Øª
equivalent,Ù…Ø¹Ø§Ø¯Ù„
error,Ø®Ø·Ø§
escape,Ø¯Ø± Ø±ÙØªÙ†
especially,Ø¨Ø®ØµÙˆØµ
essay,Ù…Ù‚Ø§Ù„Ù‡
essential,Ø¶Ø±ÙˆØ±ÛŒ
essentially,Ø§Ø³Ø§Ø³Ø§
establish,ØªØ§Ø³ÙŠØ³ ÙƒØ±Ø¯Ù†
estate,Ù…Ù„Ú©
estimate,ØªØ®Ù…ÛŒÙ† Ø²Ø¯Ù†
etc.,Ùˆ ØºÛŒØ±Ù‡.
euro,ÛŒÙˆØ±Ùˆ
even,Ø²ÙˆØ¬
evening,Ø´Ø¨
event,Ø±ÙˆÛŒØ¯Ø§Ø¯
eventually,Ø¯Ø± Ù†Ù‡Ø§ÛŒØª
ever,Ù‡Ù…ÛŒØ´Ù‡
every,Ù‡Ø±
everybody,Ù‡Ø± Ú©Ø³ÛŒ
everyone,Ù‡Ø± Ú©Ø³
everything,Ù‡Ù…Ù‡ Ú†ÙŠØ²
everywhere,Ù‡Ø± Ú©Ø¬Ø§
evidence,Ø´ÙˆØ§Ù‡Ø¯ Ùˆ Ù…Ø¯Ø§Ø±Ú©
evil,Ø¨Ø¯
ex-,Ø³Ø§Ø¨Ù‚-
exact,Ø¯Ù‚ÛŒÙ‚
exactly,Ø¯Ù‚ÛŒÙ‚Ø§
exaggerate,Ø§ØºØ±Ø§Ù‚ Ú©Ø±Ø¯Ù†ØŒ Ù…Ø¨Ø§Ù„ØºÙ‡
exaggerated,Ø§ØºØ±Ø§Ù‚ Ø¢Ù…ÛŒØ²
exam,Ø§Ù…ØªØ­Ø§Ù†
examination,Ù…Ø¹Ø§ÛŒÙ†Ù‡
examine,Ù…Ø¹Ø§ÛŒÙ†Ù‡ Ú©Ø±Ø¯Ù†
example,Ù…Ø«Ø§Ù„
excellent,Ø¹Ø§Ù„ÛŒ
except,Ø¬Ø²
exception,Ø§Ø³ØªØ«Ù†Ø§
exchange,ØªØ¨Ø§Ø¯Ù„
excite,Excite Ø¯Ø±
excited,Ø¨Ø±Ø§Ù†Ú¯ÛŒØ®ØªÙ‡
excitement,Ù‡ÛŒØ¬Ø§Ù†
exciting,Ù‡ÛŒØ¬Ø§Ù† Ø§Ù†Ú¯ÛŒØ²
exclude,Ù…Ø­Ø±ÙˆÙ… Ú©Ø±Ø¯Ù†
excluding,Ø¨Ù‡ Ø§Ø³ØªØ«Ù†Ø§ÛŒ
excuse,Ø¨Ù‡Ø§Ù†Ù‡
excuse,Ø¨Ù‡Ø§Ù†Ù‡
executive,Ø§Ø¬Ø±Ø§ÛŒÛŒ
exercise,ÙˆØ±Ø²Ø´
exhibit,Ù†Ù…Ø§ÛŒØ´Ú¯Ø§Ù‡
exhibition,Ù†Ù…Ø§ÛŒØ´Ú¯Ø§Ù‡
exist,ÙˆØ¬ÙˆØ¯ Ø¯Ø§Ø´ØªÙ‡ Ø¨Ø§Ø´Ø¯
existence,ÙˆØ¬ÙˆØ¯ Ø¯Ø§Ø´ØªÙ†
exit,Ø®Ø±ÙˆØ¬
expand,Ø¨Ø³Ø· Ø¯Ø§Ø¯Ù†
expect,Ø§Ù†ØªØ¸Ø§Ø±
expectation,Ø§Ù†ØªØ¸Ø§Ø±
expected,Ø§Ù†ØªØ¸Ø§Ø± Ù…ÛŒ Ø±ÙˆØ¯
expense,Ù‡Ø²ÛŒÙ†Ù‡
expensive,Ú¯Ø±Ø§Ù†
experience,ØªØ¬Ø±Ø¨Ù‡
experienced,Ø¨Ø§ ØªØ¬Ø±Ø¨Ù‡
experiment,ØªØ¬Ø±Ø¨Ù‡
expert,Ú©Ø§Ø±Ø´Ù†Ø§Ø³
explain,ØªÙˆØ¶ÛŒØ­
explanation,ØªÙˆØ¶ÛŒØ­
explode,Ù…Ù†ÙØ¬Ø± Ø´Ø¯Ù†
explore,Ú©Ø´Ù
explosion,Ø§Ù†ÙØ¬Ø§Ø±
export,ØµØ§Ø¯Ø±Ø§Øª
export,ØµØ§Ø¯Ø±Ø§Øª
expose,Ø¯Ø± Ù…Ø¹Ø±Ø¶ Ú¯Ø°Ø§Ø´ØªÙ†
express,Ø¨ÛŒØ§Ù†
expression,Ø§ØµØ·Ù„Ø§Ø­
extend,ØªÙˆØ³Ø¹Ù‡ Ø¯Ø§Ø¯Ù†ØŒ Ú¯Ø³ØªØ±Ø´
extension,Ø§ÙØ²ÙˆÙ†Ù‡
extensive,ÙˆØ³ÛŒØ¹
extent,Ø­Ø¯
extra,Ø§Ø¶Ø§ÙÛŒ
extraordinary,Ø®Ø§Ø±Ù‚ Ø§Ù„Ø¹Ø§Ø¯Ù‡
extreme,Ù…ÙØ±Ø·
extremely,Ø®ÛŒÙ„ÛŒ
eye,Ú†Ø´Ù…
face,ØµÙˆØ±Øª
face up to,Ø±Ùˆ Ø¨Ù‡ Ø¨Ø§Ù„Ø§ Ø¨Ù‡
facility,Ø§Ù…Ú©Ø§Ù†Ø§Øª
fact,Ø­Ù‚ÛŒÙ‚Øª
factor,Ø¹Ø§Ù…Ù„
factory,Ú©Ø§Ø±Ø®Ø§Ù†Ù‡
fail,Ù…Ø±Ø¯ÙˆØ¯ Ø´Ø¯Ù†
failure,Ø´Ú©Ø³Øª
faint,Ø§Ø² Ù‡ÙˆØ´ Ø±ÙØªÙ†
faintly,Ú©Ù…Ø±Ù†Ú¯
fair,Ù†Ù…Ø§ÛŒØ´Ú¯Ø§Ù‡
fairly,Ù…Ù†ØµÙØ§Ù†Ù‡
faith,Ø§ÛŒÙ…Ø§Ù†
faithful,Ø¨Ø§ Ø§ÛŒÙ…Ø§Ù†
faithfully,ØµØ§Ø¯Ù‚Ø§Ù†Ù‡
fall,Ø³Ù‚ÙˆØ·
FALSE,FALSE
fame,Ø´Ù‡Ø±Øª
familiar,Ø¢Ø´Ù†Ø§
family,Ø®Ø§Ù†ÙˆØ§Ø¯Ù‡
famous,Ù…Ø¹Ø±ÙˆÙ
fan,Ù¾Ù†Ú©Ù‡
fancy,ØªÙÙ†Ù†ÛŒ
far,Ø¨Ø³ÛŒØ§Ø±
farm,Ù…Ø²Ø±Ø¹Ù‡
farmer,Ù…Ø²Ø±Ø¹Ù‡ Ø¯Ø§Ø±
farming,Ú©Ø´Ø§ÙˆØ±Ø²ÛŒ
farther,Ø¯ÙˆØ±ØªØ±
farthest,Ø¯ÙˆØ±ØªØ±ÛŒÙ†
fashion,Ø±ÙˆØ´
fashionable,Ù…Ø¯ Ø±ÙˆØ²
fast,Ø³Ø±ÛŒØ¹
fasten,Ø³ÙØª Ú©Ø±Ø¯Ù†
fat,Ú†Ø±Ø¨ÛŒ
father,Ù¾Ø¯Ø±
faucet,Ø´ÙŠØ± Ø¢Ø¨
fault,Ø¹ÛŒØ¨
favour,Ù„Ø·Ù
favourite,Ù…ÙˆØ±Ø¯ Ø¹Ù„Ø§Ù‚Ù‡
fear,ØªØ±Ø³
feather,Ù¾Ø±
feature,ÙˆÛŒÚ˜Ú¯ÛŒ
February,ÙÙˆØ±ÛŒÙ‡
federal,ÙØ¯Ø±Ø§Ù„
fee,Ù¾Ø±Ø¯Ø§Ø®Øª
feed,Ø®ÙˆØ±Ø§Ú©
feel,Ø§Ø­Ø³Ø§Ø³
feeling,Ø§Ø­Ø³Ø§Ø³
fellow,Ù‡Ù…Ú©Ø§Ø±
female,Ø²Ù†
fence,Ø­ØµØ§Ø±
festival,Ø¬Ø´Ù†ÙˆØ§Ø±Ù‡
fetch,Ø±ÙØªÙ† Ùˆ Ø¢ÙˆØ±Ø¯Ù†
fever,ØªØ¨
few,ØªØ¹Ø¯Ø§Ø¯ Ú©Ù…ÛŒ
field,Ø±Ø´ØªÙ‡
fifteen,Ù¾Ø§Ù†Ø²Ø¯Ù‡
fifteenth,Ù¾Ø§Ù†Ø²Ø¯Ù‡Ù…ÛŒÙ†
fifth,Ù¾Ù†Ø¬Ù…
fiftieth,Ù¾Ù†Ø¬Ø§Ù‡Ù…ÛŒÙ†
fifty,Ù¾Ù†Ø¬Ø§Ù‡
fight,Ù…Ø¨Ø§Ø±Ø²Ù‡ Ú©Ø±Ø¯Ù†
fighting,Ù…Ø¨Ø§Ø±Ø²Ù‡ Ú©Ø±Ø¯Ù†
figure,Ø´Ú©Ù„
figure out,Ú©Ø´Ù Ú©Ø±Ø¯Ù†
file,ÙØ§ÛŒÙ„
fill,Ù¾Ø±
fill in,Ù¾Ø±Ú©Ø±Ø¯Ù†
fill out,Ù¾Ø±Ú©Ø±Ø¯Ù†
fill up,Ø±Ø§ Ù¾Ø± Ú©Ù†ÛŒØ¯ ØªØ§
film,ÙÛŒÙ„Ù…
final,Ù†Ù‡Ø§ÛŒÛŒ
finally,Ø³Ø±Ø§Ù†Ø¬Ø§Ù…
finance,Ø¯Ø§Ø±Ø§ÛŒÛŒØŒ Ù…Ø§Ù„ÛŒÙ‡ØŒ Ø³Ø±Ù…Ø§ÛŒÙ‡ Ú¯Ø°Ø§Ø±ÛŒ
financial,Ù…Ø§Ù„ÛŒ
find,Ù¾ÛŒØ¯Ø§ Ú©Ø±Ø¯Ù†
find out,Ù¾ÛŒØ¯Ø§ Ú©Ø±Ø¯Ù†
fine,Ø®ÙˆØ¨
finely,Ø±ÛŒØ²
finger,Ø§Ù†Ú¯Ø´Øª
finish,Ù¾Ø§ÛŒØ§Ù†
finished,ØªÙ…Ø§Ù… Ø´Ø¯Ù‡
finish off,Ù¾Ø§ÛŒØ§Ù† Ú©Ø±Ø¯Ù†
fire,Ø¢ØªØ´
firm,Ø´Ø±Ú©Øª
firmly,Ù…Ø­Ú©Ù…
first,Ø§ÙˆÙ„ÛŒÙ†
fish,Ù…Ø§Ù‡ÛŒ
fishing,Ù…Ø§Ù‡ÛŒÚ¯ÛŒØ±ÛŒ
fit,Ù…Ù†Ø§Ø³Ø¨
fit in,Ø¬Ø§ Ø¯Ø±
five,Ù¾Ù†Ø¬
fix,Ø«Ø§Ø¨Øª
fixed,Ø¯Ø±Ø³Øª Ø´Ø¯
flag,Ù¾Ø±Ú†Ù…
flame,Ø´Ø¹Ù„Ù‡
flash,ÙÙ„Ø§Ø´
flat,ØªØ®Øª
flavour,Ø·Ø¹Ù…
flesh,Ú¯ÙˆØ´Øª
flight,Ù¾Ø±ÙˆØ§Ø²
float,Ø´Ù†Ø§ÙˆØ±
flood,Ø³ÛŒÙ„
flooded,Ø¢Ø¨ Ú¯Ø±ÙØªÚ¯ÛŒ
flooding,Ø¬Ø§Ø±ÛŒ Ø´Ø¯Ù† Ø³ÛŒÙ„
floor,Ú©Ù
flour,Ø§Ø±Ø¯
flow,Ø¬Ø±ÛŒØ§Ù†
flower,Ú¯Ù„
flu,Ø¢Ù†ÙÙˆÙ„Ø§Ù†Ø²Ø§
fly,Ù¾Ø±ÙˆØ§Ø²
flying,Ù¾Ø±ÙˆØ§Ø²
focus,ØªÙ…Ø±Ú©Ø²
fold,ØªØ§ Ú©Ø±Ø¯Ù†
folding,ØªØ§Ø´Ùˆ
follow,Ø¯Ù†Ø¨Ø§Ù„ Ú©Ø±Ø¯Ù†
following,Ø°ÛŒÙ„
follow up,Ù¾ÛŒÚ¯ÛŒØ±ÛŒ
food,ØºØ°Ø§
foot,Ù¾Ø§
football,ÙÙˆØªØ¨Ø§Ù„
for,Ø¨Ø±Ø§ÛŒ
force,Ø²ÙˆØ±
forecast,Ù¾ÛŒØ´ Ø¨ÛŒÙ†ÛŒ
foreign,Ø®Ø§Ø±Ø¬ÛŒ
forest,Ø¬Ù†Ú¯Ù„
forever,ØªØ§ Ø§Ø¨Ø¯
forget,ÙØ±Ø§Ù…ÙˆØ´ Ú©Ø±Ø¯Ù†
forgive,Ø¨Ø®Ø´ÛŒØ¯Ù†
fork,Ú†Ù†Ú¯Ø§Ù„
form,ÙØ±Ù…
formal,Ø±Ø³Ù…ÛŒ
formally,Ø¨Ù‡ Ø·ÙˆØ± Ø±Ø³Ù…ÛŒ
former,Ø³Ø§Ø¨Ù‚
formerly,Ø³Ø§Ø¨Ù‚
formula,ÙØ±Ù…ÙˆÙ„
fortieth,Ú†Ù‡Ù„Ù…ÛŒÙ†
fortune,Ø«Ø±ÙˆØª
forty,Ú†Ù‡Ù„
forward,Ø±Ùˆ Ø¨Ù‡ Ø¬Ù„Ùˆ
found,Ù¾ÛŒØ¯Ø§ Ø´Ø¯Ù‡
foundation,Ù¾Ø§ÛŒÙ‡
four,Ú†Ù‡Ø§Ø±
fourteen,Ú†Ù‡Ø§Ø±Ø¯Ù‡
fourteenth,Ú†Ù‡Ø§Ø±Ø¯Ù‡Ù…
fourth,Ú†Ù‡Ø§Ø±Ù…
frame,Ù‚Ø§Ø¨
free,Ø±Ø§ÛŒÚ¯Ø§Ù†
freedom,Ø§Ø²Ø§Ø¯ÛŒ
freely,Ø¢Ø²Ø§Ø¯Ø§Ù†Ù‡
freeze,ÛŒØ® Ø²Ø¯Ú¯ÛŒ
frequent,Ø²ÙˆØ¯ Ø²ÙˆØ¯
frequently,Ù…Ú©Ø±Ø±Ø§
fresh,ØªØ§Ø²Ù‡
freshly,ØªØ§Ø²Ù‡
Friday,Ø¬Ù…Ø¹Ù‡
fridge,Ø³Ø±Ø¯Ø®Ø§Ù†Ù‡
friend,Ø¯ÙˆØ³Øª
friendly,Ù…Ù‡Ø±Ø¨Ø§Ù†
friendship,Ø¯ÙˆØ³ØªÛŒ
frighten,ØªØ±Ø³Ø§Ù†Ø¯Ù†
frighten away/off,ØªØ±Ø³Ø§Ù†Ø¯Ù† / Ø®Ø§Ù…ÙˆØ´
frightened,ÙˆØ­Ø´Øª Ø²Ø¯Ù‡
frightening,ØªØ±Ø³Ù†Ø§Ú©
from,Ø§Ø² Ø¬Ø§Ù†Ø¨
front,Ø¬Ù„Ùˆ
frozen,Ù…Ù†Ø¬Ù…Ø¯
fruit,Ù…ÛŒÙˆÙ‡
fry,Ø³Ø±Ø® Ú©Ø±Ø¯Ù†
fuel,Ø³ÙˆØ®Øª
full,Ù¾Ø± Ø´Ø¯Ù‡
fully,Ú©Ø§Ù…Ù„Ø§
fun,Ø³Ø±Ú¯Ø±Ù…ÛŒ
function,Ø¹Ù…Ù„Ú©Ø±Ø¯
function as,ØªØ§Ø¨Ø¹ Ø¨Ù‡ Ø¹Ù†ÙˆØ§Ù†
fund,Ø³Ø±Ù…Ø§ÛŒÙ‡
fundamental,Ø§Ø³Ø§Ø³ÛŒ
funeral,Ù…Ø±Ø§Ø³Ù… Ø®Ø§Ú©Ø³Ù¾Ø§Ø±ÛŒ
funny,Ø®Ù†Ø¯Ù‡ Ø¯Ø§Ø±
fur,Ø®Ø²
furniture,Ù…Ø¨Ù„Ù…Ø§Ù†
further,Ø¨Ù‡ Ø¹Ù„Ø§ÙˆÙ‡
future,Ø¢ÛŒÙ†Ø¯Ù‡
gain,Ú©Ø³Ø¨ Ú©Ø±Ø¯Ù†
gallon,Ú¯Ø§Ù„Ù†
gamble,Ù‚Ù…Ø§Ø±
gambling,Ù‚Ù…Ø§Ø±
game,Ø¨Ø§Ø²ÛŒ
gap,Ø´Ú©Ø§Ù
garage,Ú¯Ø§Ø±Ø§Ú˜
garbage,Ø²Ø¨Ø§Ù„Ù‡
garden,Ø¨Ø§Øº
gas,Ú¯Ø§Ø²
gasoline,Ú¯Ø§Ø²ÙˆØ¦ÛŒÙ„
gate,Ø¯Ø±ÙˆØ§Ø²Ù‡
gather,Ø¬Ù…Ø¹ Ø¢ÙˆØ±ÛŒ
gear,Ø¯Ù†Ø¯Ù‡
general,Ø¹Ù…ÙˆÙ…ÛŒ
generally,Ø¨Ø·ÙˆØ± Ú©Ù„ÛŒ
generate,ØªÙˆÙ„ÛŒØ¯ Ù…ÛŒ Ú©Ù†Ù†Ø¯
generation,Ù†Ø³Ù„
generous,Ø¨Ø®Ø´Ù†Ø¯Ù‡
generously,Ø³Ø®Ø§ÙˆØªÙ…Ù†Ø¯Ø§Ù†Ù‡
gentle,Ù…Ù„Ø§ÛŒÙ…
gentleman,Ø¢Ù‚Ø§
gently,Ø¨Ù‡ Ø¢Ø±Ø§Ù…ÛŒ
genuine,Ø§ØµÙ„
genuinely,ÙˆØ§Ù‚Ø¹Ø§
geography,Ø¬ØºØ±Ø§ÙÛŒØ§
get,Ú¯Ø±ÙØªÙ†
get away,Ú¯Ù…Ø´Ùˆ
get away with,Ø¯ÙˆØ± Ø¨Ø§
get back,Ø¨Ø±Ú¯Ø±Ø¯
get by,Ø¯Ø±ÛŒØ§ÙØª
get in,Ø¯Ø±
get into,ÙˆØ§Ø±Ø¯ Ø´Ø¯Ù† Ø¨Ù‡
get off,Ø¯Ø±ÛŒØ§ÙØª Ú©Ø±Ø¯Ù†
get on,Ø³ÙˆØ§Ø± Ø´Ùˆ
get on with,Ø¯Ø± ØªØ§Ø±ÛŒØ® Ø¨Ø§
get out of,Ø®Ø§Ø±Ø¬ Ø´Ø¯Ù† Ø§Ø²
get over,Ø¯Ø±ÛŒØ§ÙØª Ø¨ÛŒØ´ Ø§Ø²
get round,Ø¯ÙˆØ±
get round to,Ø§Ø² Ø¯ÙˆØ± Ø¨Ù‡
get through,ÙÙ‡Ù…ÛŒØ¯Ù†ØŒ Ù…ØªÙˆØ¬Ù‡ Ø´Ø¯Ù†
get up,Ø¨Ù„Ù†Ø¯ Ø´Ø¯Ù†
giant,ØºÙˆÙ„
gift,Ù‡Ø¯ÛŒÙ‡
girl,Ø¯Ø®ØªØ±
girlfriend,Ø¯ÙˆØ³Øª Ø¯Ø®ØªØ±
give,Ø¯Ø§Ø¯Ù†
give away,ÙØ§Ø´ Ú©Ø±Ø¯Ù†
give back,Ù¾Ø³ Ø¯Ø§Ø¯Ù†
give in,ØªØ³Ù„ÛŒÙ… Ø´Ø¯Ù†
give off,Ø¨ÛŒØ±ÙˆÙ† Ø¯Ø§Ø¯Ù†
give out,Ø¨ÛŒØ±ÙˆÙ† Ø¯Ø§Ø¯Ù†
give up,Ø¯Ø³Øª Ø¨Ø±Ø¯Ø§Ø´ØªÙ† Ø§Ø²
glad,Ø®ÙˆØ´Ø­Ø§Ù„
glass,Ø´ÛŒØ´Ù‡
global,Ø¬Ù‡Ø§Ù†ÛŒ
glove,Ø¯Ø³ØªÚ©Ø´
glue,Ú†Ø³Ø¨
go,Ø¨Ø±ÙˆÛŒØ¯
go ahead,Ø¨ÙØ±Ù…Ø§ÛŒÛŒØ¯
goal,Ù‡Ø¯Ù
go away,Ú¯Ù…Ø´Ùˆ
go back,Ø¨Ø±Ú¯Ø±Ø¯
go back to,Ø¨Ø§Ø²Ú¯Ø´Øª Ø¨Ù‡
go by,Ù†ÙˆØ´ØªÙ‡ Ø´Ø¯Ù‡ ØªÙˆØ³Ø·
god,Ø®Ø¯Ø§ÙˆÙ†Ø¯
go down,Ø¨Ø±Ùˆ Ù¾Ø§ÛŒÛŒÙ†
go into,Ø±ÙØªÙ† Ø¨Ù‡
gold,Ø·Ù„Ø§
good,Ø®ÙˆØ¨
goodbye,Ø®Ø¯Ø§Ø­Ø§ÙØ¸
goods,Ù…Ø­ØµÙˆÙ„Ø§Øª
go off,Ø¯Ø± Ø±ÙØªÙ†
go on,Ø§Ø¯Ø§Ù…Ù‡ Ø¯Ø§Ø¯Ù†
go on doing,Ø±ÙØªÙ† Ø¯Ø± Ø§Ù†Ø¬Ø§Ù…
go out,Ø¨Ø±Ùˆ Ø¨ÛŒØ±ÙˆÙ†
go out with,Ø¨ÛŒØ±ÙˆÙ† Ø±ÙØªÙ† Ø¨Ø§
go over,Ù…Ø±ÙˆØ± Ú©Ø±Ø¯Ù†
go round,Ø¯ÙˆØ±
go through,Ø±ÙØªÙ† Ø±Ø§ Ø§Ø² Ø·Ø±ÛŒÙ‚
go through with,Ø§Ø² Ø·Ø±ÛŒÙ‚ Ø±ÙØªÙ† Ø¨Ø§
go to,Ù‚Ø§Ø¨Ù„ Ø§Ø¹ØªÙ…Ø§Ø¯ Ùˆ Ù…ØªØ®ØµØµ
go up,Ø¨Ø±Ùˆ Ø¨Ø§Ù„Ø§
govern,Ø­Ú©ÙˆÙ…Øª Ú©Ø±Ø¯Ù†
government,Ø¯ÙˆÙ„Øª
governor,ÙØ±Ù…Ø§Ù†Ø¯Ø§Ø±
go with,Ø¨Ø§
go without,Ø¨Ø¯ÙˆÙ†
grab,Ú¯Ø±ÙØªÙ†
grade,Ù…Ù‚Ø·Ø¹ ØªØ­ØµÛŒÙ„ÛŒ
gradual,ØªØ¯Ø±ÛŒØ¬ÛŒ
gradually,Ø¨ØªØ¯Ø±ÛŒØ¬
grain,ØºÙ„Ø§Øª
gram,Ú¯Ø±Ù…
grammar,Ø¯Ø³ØªÙˆØ± Ø²Ø¨Ø§Ù†
grand,Ø¨Ø²Ø±Ú¯
grandchild,Ù†ÙˆÙ‡
granddaughter,Ù†ÙˆÙ‡
grandfather,Ù¾Ø¯Ø± Ø¨Ø²Ø±Ú¯
grandmother,Ù…Ø§Ø¯Ø± Ø¨Ø²Ø±Ú¯
grandparent,Ø¬Ø¯ ÛŒØ§ Ø¬Ø¯Ù‡
grandson,Ù†ÙˆÙ‡ Ù¾Ø³Ø±
grant,Ø§Ø¹Ø·Ø§ Ú©Ø±Ø¯Ù†
grass,Ú†Ù…Ù†
grateful,Ø³Ù¾Ø§Ø³Ú¯Ø²Ø§Ø±
grave 1,Ù‚Ø¨Ø± 1
gravely,Ø´Ø¯Øª
great,Ø¹Ø§Ù„ÛŒ
greatly,ØªØ§ Ø­Ø¯ Ø²ÛŒØ§Ø¯ÛŒ
green,Ø³Ø¨Ø²
grey,Ø®Ø§Ú©Ø³ØªØ±ÛŒ
grocery,Ø®ÙˆØ§Ø±Ø¨Ø§Ø±
ground,Ø²Ù…ÛŒÙ†
group,Ú¯Ø±ÙˆÙ‡
grow,Ø±Ø´Ø¯
growth,Ø±Ø´Ø¯
grow up,Ø±Ø´Ø¯
guarantee,Ø¶Ù…Ø§Ù†Øª
guard,Ù†Ú¯Ù‡Ø¨Ø§Ù†
guess,Ø­Ø¯Ø³ Ø¨Ø²Ù†
guest,Ù…Ù‡Ù…Ø§Ù†
guide,Ø±Ø§Ù‡Ù†Ù…Ø§
guilty,Ú¯Ù†Ø§Ù‡Ú©Ø§Ø±
gun,ØªÙÙ†Ú¯
guy,Ù…Ø±Ø¯
habit,Ø¹Ø§Ø¯Øª Ø¯Ø§Ø´ØªÙ†
hair,Ù…Ùˆ
hairdresser,Ø³Ù„Ù…Ø§Ù†
half,Ù†ÛŒÙ…
hall,Ø³Ø§Ù„Ù†
hammer,Ú†Ú©Ø´
hand,Ø¯Ø³Øª
hand back,ØªÙ…Ø§Ø³ Ø¯Ø³Øª
hand down,Ù¾Ø§ÛŒÛŒÙ† Ø¯Ø³Øª
hand in,Ø¯Ø± Ø¯Ø³Øª
handle,Ø±Ø³ÛŒØ¯Ú¯ÛŒ
hand out,Ø¬Ø²ÙˆÙ‡
hand over,ØªØ­ÙˆÛŒÙ„ Ø¯Ø§Ø¯Ù†
hand round,Ø¯ÙˆØ± Ø¯Ø³Øª
hang,Ø¢ÙˆÛŒØ²Ø§Ù† Ø´Ø¯Ù†
hang about,Ø¯Ø± Ù…ÙˆØ±Ø¯ Ù‚Ø·Ø¹
hang about with,Ø¢ÙˆÛŒØ²Ø§Ù† Ø¯Ø± Ù…ÙˆØ±Ø¯ Ø¨Ø§
hang around,Ø¯Ø± Ø§Ø·Ø±Ø§Ù Ø¢ÙˆÛŒØ²Ø§Ù†
hang around with,ÙˆØ± Ø±ÙØªÙ† Ø¨Ø§
hang on,ØµØ¨Ø± Ú©Ù†
hang on to,Ø§Ø¯Ø§Ù…Ù‡ Ø¯Ø§Ø¯Ù† Ø¨Ù‡
hang up,Ù‚Ø·Ø¹
happen,Ø¨Ù‡ ÙˆÙ‚ÙˆØ¹ Ù¾ÛŒÙˆØ³ØªÙ†
happen to,Ø§ØªÙØ§Ù‚ Ù…ÛŒ Ø§ÙØªØ¯ Ø¨Ù‡
happily,Ø¨Ø§ Ø®ÙˆØ´Ø­Ø§Ù„ÛŒ
happiness,Ø´Ø§Ø¯ÛŒ
happy,Ø®ÙˆØ´Ø­Ø§Ù„
hard,Ø³Ø®Øª
hardly,Ø¨Ù‡ Ù†Ø¯Ø±Øª
harm,ØµØ¯Ù…Ù‡
harmful,Ø²ÛŒØ§Ù† Ø¢ÙˆØ±
harmless,Ø¨ÛŒ Ø¶Ø±Ø±
hat,Ú©Ù„Ø§Ù‡
hate,Ù†ÙØ±Øª
hatred,Ù†ÙØ±Øª
have,Ø¯Ø§Ø±Ù†Ø¯
have back,Ù¾Ø´Øª
have on,Ø¨Ø±
have to,Ø¨Ø§ÛŒØ¯
he,Ø§Ùˆ
head,Ø³Ø±
headache,Ø³Ø±Ø¯Ø±Ø¯
heal,Ø´ÙØ§ Ø¯Ø§Ø¯Ù†
health,Ø³Ù„Ø§Ù…ØªÛŒ
healthy,Ø³Ø§Ù„Ù…
hear,Ø´Ù†ÛŒØ¯Ù†
hear from,Ø´Ù†ÛŒØ¯Ù† Ø§Ø²
hearing,Ø´Ù†ÙˆØ§ÛŒÛŒ
hear of,Ø´Ù†ÛŒØ¯Ù† Ø§Ø²
heart,Ù‚Ù„Ø¨
heat,Ø­Ø±Ø§Ø±Øª
heating,Ú¯Ø±Ù…Ø§ÛŒØ´
heat up,Ú¯Ø±Ù… Ú©Ø±Ø¯Ù†
heaven,Ø¨Ù‡Ø´Øª
heavily,Ø¨Ù‡ Ø´Ø¯Øª
heavy,Ø³Ù†Ú¯ÛŒÙ†
heel,Ù¾Ø§Ø´Ù†Ù‡
height,Ø§Ø±ØªÙØ§Ø¹
hell,Ø¬Ù‡Ù†Ù…
hello,Ø³Ù„Ø§Ù…
help,Ú©Ù…Ú©
helpful,Ù…ÙÛŒØ¯
help out,Ú©Ù…Ú© Ø¨Ù‡
hence,Ø§Ø² Ø§ÛŒÙ† Ø±Ùˆ
her,Ø§Ùˆ
here,Ø§ÛŒÙ†Ø¬Ø§
hero,Ù‚Ù‡Ø±Ù…Ø§Ù†
hers,... Ø§Ùˆ
herself,Ø®ÙˆØ¯Ø´
hesitate,Ø¯Ø±ÛŒØº
hi,Ø³Ù„Ø§Ù…
hide,Ù¾Ù†Ù‡Ø§Ù† Ø´Ø¯Ù†
high,Ø²ÛŒØ§Ø¯
highlight,Ø¨Ø±Ø¬Ø³ØªÙ‡
highly,Ø¨Ø³ÛŒØ§Ø±
highway,Ø¨Ø²Ø±Ú¯Ø±Ø§Ù‡
hill,ØªÙ¾Ù‡
him,Ø¨Ù‡ Ø§Ùˆ
himself,Ø®ÙˆØ¯
hip,Ù…ÙØµÙ„ Ø±Ø§Ù†
hire,Ø§Ø³ØªØ®Ø¯Ø§Ù…
hire out,Ø§Ø³ØªØ®Ø¯Ø§Ù…
his,Ø®ÙˆØ¯
historical,ØªØ§Ø±ÛŒØ®ÛŒ
history,ØªØ§Ø±ÛŒØ®
hit,Ø§ØµØ§Ø¨Øª
hobby,Ø³Ø±Ú¯Ø±Ù…ÛŒ
hold,Ù†Ú¯Ù‡
hold back,ØªÙ…Ø§Ø³ Ù†Ú¯Ù‡
hold on,ØµØ¨Ø± Ú©Ù†
hold on to,Ù†Ú¯Ù‡ Ø¯Ø§Ø´ØªÙ† Ø¨Ø± Ø±ÙˆÛŒ
hold out,Ø­Ø§Ú©ÛŒ Ø¨ÙˆØ¯Ù† Ø§Ø²
hold up,Ø¨Ø§ Ø§Ø³Ù„Ø­Ù‡ Ø³Ø±Ù‚Øª Ú©Ø±Ø¯Ù†
hole,Ø³ÙˆØ±Ø§Ø®
holiday,Ø±ÙˆØ² ØªØ¹Ø·ÛŒÙ„
hollow,ØªÙˆØ®Ø§Ù„ÛŒ
holy,Ù…Ù‚Ø¯Ø³
home,Ø®Ø§Ù†Ù‡
homework,Ù…Ø´Ù‚ Ø´Ø¨
honest,ØµØ§Ø¯Ù‚
honestly,ØµØ§Ø¯Ù‚Ø§Ù†Ù‡
honour,Ø§ÙØªØ®Ø§Ø± Ùˆ Ø§Ø­ØªØ±Ø§Ù…
hook,Ù‚Ù„Ø§Ø¨
hope,Ø§Ù…ÛŒØ¯
horizontal,Ø§ÙÙ‚ÛŒ
horn,Ø´ÛŒÙ¾ÙˆØ±
horror,ÙˆØ­Ø´Øª
horse,Ø§Ø³Ø¨
hospital,Ø¨ÛŒÙ…Ø§Ø±Ø³ØªØ§Ù†
host,Ù…ÛŒØ²Ø¨Ø§Ù†
hot,Ø¯Ø§Øº
hotel,Ù‡ØªÙ„
hour,Ø³Ø§Ø¹Øª
house,Ø®Ø§Ù†Ù‡
household,Ø®Ø§Ù†ÙˆØ§Ø¯Ù‡
housing,Ù…Ø³Ú©Ù†
how,Ú†Ú¯ÙˆÙ†Ù‡
however,Ø¨Ø§ Ø§ÛŒÙ† Ø­Ø§Ù„
huge,Ø¨Ø²Ø±Ú¯
human,Ø§Ù†Ø³Ø§Ù†
humorous,ÙÚ©Ø§Ù‡ÛŒ
humour,Ø´ÙˆØ® Ø·Ø¨Ø¹ÛŒ
hundred,ØµØ¯
hundredth,ÛŒÚ© ØµØ¯Ù…
hungry,Ú¯Ø±Ø³Ù†Ù‡
hunt,Ø´Ú©Ø§Ø±
hunting,ØµÛŒØ¯
hurry,Ø¹Ø¬Ù„Ù‡
hurry up,Ø¹Ø¬Ù„Ù‡ Ú©Ù†
hurt,ØµØ¯Ù…Ù‡
husband,Ø´ÙˆÙ‡Ø±
I,Ù…Ù†
ice,ÛŒØ®
ice cream,Ø¨Ø³ØªÙ†ÛŒ
idea,Ø§Ù†Ø¯ÛŒØ´Ù‡
ideal,Ø§ÛŒØ¯Ù‡ Ø¢Ù„
identify,Ø´Ù†Ø§Ø³Ø§ÛŒÛŒ
identify with,Ø´Ù†Ø§Ø³Ø§ÛŒÛŒ Ø¨Ø§
identity,Ù‡ÙˆÛŒØª
i.e.,Ø¨Ù‡ Ø¹Ù†ÙˆØ§Ù† Ù…Ø«Ø§Ù„
if,Ø§Ú¯Ø±
ignore,Ú†Ø´Ù… Ù¾ÙˆØ´ÛŒ
ill,Ø¨ÛŒÙ…Ø§Ø±
illegal,ØºÛŒØ± Ù…Ø¬Ø§Ø²
illegally,Ø¨Ù‡ Ø·ÙˆØ± ØºÛŒØ±Ù‚Ø§Ù†ÙˆÙ†ÛŒ
illness,Ø¨ÛŒÙ…Ø§Ø±ÛŒ
illustrate,Ù†Ø´Ø§Ù† Ø¯Ø§Ø¯Ù†
image,ØªØµÙˆÛŒØ±
imaginary,Ø®ÛŒØ§Ù„ÛŒ
imagination,Ø®ÛŒØ§Ù„ Ù¾Ø±Ø¯Ø§Ø²ÛŒ
imagine,ØªØµÙˆØ± Ú©Ù†
immediate,ÙÙˆØ±ÛŒ
immediately,Ø¨Ù„Ø§ÙØ§ØµÙ„Ù‡. Ù…Ø³ØªÙ‚ÛŒÙ…Ø§
immoral,ÙØ§Ø³Ø¯
impact,Ø¶Ø±Ø¨Ù‡
impatient,Ø¨ÛŒ ØµØ¨Ø±
implication,Ù¾ÛŒØ§Ù…Ø¯
imply,Ø¯Ù„Ø§Ù„Øª
import,ÙˆØ§Ø±Ø¯ ÙƒØ±Ø¯Ù†
import,ÙˆØ§Ø±Ø¯ ÙƒØ±Ø¯Ù†
importance,Ø§Ù‡Ù…ÛŒØª
important,Ù…Ù‡Ù…
importantly,Ù…Ù‡Ù…ØªØ±
impose,ØªØ­Ù…ÛŒÙ„
impossible,ØºÛŒØ± Ù…Ù…Ú©Ù†
impress,ØªØ§Ø«ÛŒØ± Ú¯Ø°Ø§Ø´ØªÙ†
impressed,ØªØ­Øª ØªØ§Ø«ÛŒØ± Ù‚Ø±Ø§Ø±
impression,Ø§Ø­Ø³Ø§Ø³Ø› Ø¹Ù‚ÛŒØ¯Ù‡Ø› Ú¯Ù…Ø§Ù†
impressive,Ú†Ø´Ù…Ú¯ÛŒØ±
improve,Ø¨Ù‡ØªØ± Ú©Ø±Ø¯Ù†
improvement,Ø¨Ù‡Ø¨ÙˆØ¯
in,Ú©Ù‡ Ø¯Ø±
inability,Ø¹Ø¬Ø²
inch,Ø§ÛŒÙ†Ú†
incident,Ø­Ø§Ø¯Ø«Ù‡
include,Ø¹Ø¨Ø§Ø±ØªÙ†Ø¯ Ø§Ø²
including,Ø´Ø§Ù…Ù„
income,Ø¯Ø±Ø¢Ù…Ø¯
increase,Ø§ÙØ²Ø§ÛŒØ´ Ø¯Ø§Ø¯Ù†
increasingly,Ø¨Ù‡ Ø·ÙˆØ± ÙØ²Ø§ÛŒÙ†Ø¯Ù‡
indeed,Ø¯Ø± ÙˆØ§Ù‚Ø¹
independence,Ø§Ø³ØªÙ‚Ù„Ø§Ù„
independent,Ù…Ø³ØªÙ‚Ù„
independently,Ø¨Ù‡ Ø·ÙˆØ± Ù…Ø³ØªÙ‚Ù„
index,ÙÙ‡Ø±Ø³Øª Ù…Ø·Ø§Ù„Ø¨
indicate,Ù†Ø´Ø§Ù† Ø¯Ø§Ø¯Ù†
indication,Ù†Ø´Ø§Ù†Ù‡
indirect,ØºÛŒØ± Ù…Ø³ØªÙ‚ÛŒÙ…
indirectly,Ø¨Ù‡ Ø·ÙˆØ± ØºÛŒØ± Ù…Ø³ØªÙ‚ÛŒÙ…
individual,Ø´Ø®ØµÛŒ
indoor,Ø¯Ø§Ø®Ù„ÛŒ
indoors,Ø¯Ø± Ø¯Ø§Ø®Ù„ Ø®Ø§Ù†Ù‡
industrial,ØµÙ†Ø¹ØªÛŒ
industry,ØµÙ†Ø¹Øª
inevitable,Ø§Ø¬ØªÙ†Ø§Ø¨ Ù†Ø§Ù¾Ø°ÛŒØ±
inevitably,Ø¨Ù‡ Ù†Ø§Ú†Ø§Ø±
infect,Ø¢Ù„ÙˆØ¯Ù‡
infected,Ù…Ø¨ØªÙ„Ø§ Ø´Ø¯Ù‡
infection,Ø¹ÙÙˆÙ†Øª
infectious,Ø¹ÙÙˆÙ†ÛŒ
influence,Ù†ÙÙˆØ°
inform,Ø§Ø·Ù„Ø§Ø¹ Ø¯Ø§Ø¯Ù†
informal,Ø¯ÙˆØ³ØªØ§Ù†Ù‡ Ùˆ ØºÛŒØ± Ø±Ø³Ù…ÛŒ
information,Ø§Ø·Ù„Ø§Ø¹Ø§Øª
ingredient,Ø¬Ø²Ø¡
initial,Ø§ÙˆÙ„ÛŒÙ‡
initially,Ø¯Ø± Ø§Ø¨ØªØ¯Ø§
initiative,Ø§Ø¨ØªÚ©Ø§Ø± Ø¹Ù…Ù„
injure,Ø¢Ø³ÛŒØ¨
injured,Ù…Ø¬Ø±ÙˆØ­
injury,ØµØ¯Ù…Ù‡
ink,Ø¬ÙˆÙ‡Ø±
inner,Ø¯Ø§Ø®Ù„ÛŒ
innocent,Ø¨ÛŒ Ú¯Ù†Ø§Ù‡
insect,Ø­Ø´Ø±Ù‡
insert,Ø¯Ø±Ø¬
inside,Ø¯Ø§Ø®Ù„
insist,Ø§ØµØ±Ø§Ø±
insist on,Ù¾Ø§ÙØ´Ø§Ø±ÛŒ Ø±ÙˆÛŒ
insist on doing,Ø§ØµØ±Ø§Ø± Ø¨Ø± Ø§Ù†Ø¬Ø§Ù…
install,Ù†ØµØ¨
instance,Ù†Ù…ÙˆÙ†Ù‡ØŒ Ù…Ø«Ø§Ù„
instead,Ø¨Ø¬Ø§ÛŒ
instead of,Ø¨Ø¬Ø§ÛŒ
institute,Ù…ÙˆØ³Ø³Ù‡
institution,Ù…ÙˆØ³Ø³Ù‡ØŒ Ù†Ù‡Ø§Ø¯
instruction,Ø¯Ø³ØªÙˆØ± Ø§Ù„Ø¹Ù…Ù„
instrument,Ø§Ø¨Ø²Ø§Ø±
insult,ØªÙˆÙ‡ÛŒÙ†
insulting,ØªÙˆÙ‡ÛŒÙ†
insurance,Ø¨ÛŒÙ…Ù‡
intelligence,Ù‡ÙˆØ´
intelligent,Ø¨Ø§Ù‡ÙˆØ´
intend,Ù‚ØµØ¯ Ø¯Ø§Ø´ØªÙ† - Ø®ÙˆØ§Ø³ØªÙ†
intended,Ù…ÙˆØ±Ø¯ Ù†Ø¸Ø±
intention,Ù‚ØµØ¯
interest,Ø¹Ù„Ø§Ù‚Ù‡
interested,Ø¹Ù„Ø§Ù‚Ù‡ Ù…Ù†Ø¯
interesting,Ø¬Ø§Ù„Ø¨ Ù‡Ø³Øª
interior,Ø¯Ø§Ø®Ù„ÛŒ
internal,Ø¯Ø±ÙˆÙ†ÛŒØ› Ø¯Ø§Ø®Ù„ÛŒ
international,Ø¨ÛŒÙ† Ø§Ù„Ù…Ù„Ù„ÛŒ
Internet,Ø§ÛŒÙ†ØªØ±Ù†Øª
interpret,ØªÙØ³ÛŒØ±
interpretation,ØªÙØ³ÛŒØ±
interrupt,ÙˆÙ‚ÙÙ‡
interruption,ÙˆÙ‚ÙÙ‡
interval,ÙØ§ØµÙ„Ù‡
interview,Ù…ØµØ§Ø­Ø¨Ù‡
into,Ø¨Ù‡
introduce,Ù…Ø¹Ø±ÙÛŒ
introduction,Ù…Ø¹Ø±ÙÛŒ
invent,Ø§Ø®ØªØ±Ø§Ø¹ Ú©Ø±Ø¯Ù†
invention,Ø§Ø®ØªØ±Ø§Ø¹
invest,Ø³Ø±Ù…Ø§ÛŒÙ‡ Ú¯Ø°Ø§Ø±ÛŒ
investigate,ØªØ­Ù‚ÛŒÙ‚ Ú©Ø±Ø¯Ù†
investigation,ØªØ­Ù‚ÛŒÙ‚ Ùˆ Ø¨Ø±Ø±Ø³ÛŒ
investment,Ø³Ø±Ù…Ø§ÛŒÙ‡ Ú¯Ø°Ø§Ø±ÛŒ
invitation,Ø¯Ø¹ÙˆØª
invite,Ø¯Ø¹ÙˆØª
involve,Ø´Ø§Ù…Ù„
involved,Ú¯Ø±ÙØªØ§Ø±
involvement,Ø¯Ø±Ú¯ÛŒØ±ÛŒ
iron,Ø§Ù‡Ù†
irritate,ØªØ­Ø±ÛŒÚ©
irritated,ØªØ­Ø±ÛŒÚ©
irritating,Ø¢Ø²Ø§Ø± Ø¯Ù‡Ù†Ø¯Ù‡
island,Ø¬Ø²ÛŒØ±Ù‡
issue,Ù…ÙˆØ¶ÙˆØ¹
it,Ø¢ÛŒ ØªÛŒ
item,Ù…ÙˆØ±Ø¯
its,Ø¢Ù†
itself,Ø®ÙˆØ¯
jacket,Ú˜Ø§Ú©Øª
jam,Ù…Ø±Ø¨Ø§
January,Ú˜Ø§Ù†ÙˆÛŒÙ‡
jealous,Ø­Ø³ÙˆØ¯
jeans,Ø´Ù„ÙˆØ§Ø± Ø¬ÛŒÙ†
jelly,Ú˜Ù„Ù‡
jewellery,Ø¬ÙˆØ§Ù‡Ø±Ø§Øª
job,Ú©Ø§Ø±
join,Ù¾ÛŒÙˆØ³ØªÙ†
join in,Ù¾ÛŒÙˆØ³ØªÙ† Ø¨Ù‡
joint,Ù…Ø´ØªØ±Ú©
jointly,Ø¨Ù‡ Ø·ÙˆØ± Ù…Ø´ØªØ±Ú©
joke,Ø´ÙˆØ®ÛŒ
journalist,Ø±ÙˆØ²Ù†Ø§Ù…Ù‡ Ù†Ú¯Ø§Ø±
journey,Ø³ÙØ±
joy,Ù„Ø°Øª
judge,Ù‚Ø§Ø¶ÛŒ
judgement,Ø¯Ø§ÙˆØ±ÛŒ
juice,Ø¢Ø¨ Ù…ÛŒÙˆÙ‡
July,Ø¬ÙˆÙ„Ø§ÛŒ
jump,Ù¾Ø±Ø´
June,Ú˜ÙˆØ¦Ù†
junior,ØªØ§Ø²Ù‡ØªØ±
just,ÙÙ‚Ø·
justice,Ø¹Ø¯Ø§Ù„Øª
justified,ØªØ¹Ø¯ÛŒÙ„ Ø´Ø¯Ù‡
justify,ØªÙˆØ¬ÛŒÙ‡
keen,ØªÛŒØ²
keep,Ù†Ú¯Ø§Ù‡ Ø¯Ø§Ø´ØªÙ†
keep out,Ø¯ÙˆØ± Ø´Ø¯Ù†
keep out of,Ù†Ú¯Ù‡ Ø¯Ø§Ø´ØªÙ† Ø§Ø²
keep up,Ø§Ø¯Ø§Ù…Ù‡ Ø¯Ø§Ø¯Ù†
keep up with,Ù†Ú¯Ù‡ Ø¯Ø§Ø±ÛŒØ¯ ØªØ§ Ø¨Ø§
key,Ú©Ù„ÛŒØ¯
keyboard,ØµÙØ­Ù‡ Ú©Ù„ÛŒØ¯
kick,Ù¾Ø§ Ø²Ø¯Ù†
kid,Ø¨Ú†Ù‡
kill,Ú©Ø´ØªÙ†
killing,Ù‚ØªÙ„
kilogram,Ú©ÛŒÙ„Ùˆ
kilometre,Ú©ÛŒÙ„ÙˆÙ…ØªØ±
kind,Ù†ÙˆØ¹
kindly,Ù…Ø­Ø¨Øª Ø¢Ù…ÛŒØ²
kindness,Ù…Ù‡Ø±Ø¨Ø§Ù†ÛŒ
king,Ù¾Ø§Ø¯Ø´Ø§Ù‡
kiss,Ø¨ÙˆØ³Ù‡
kitchen,Ø§Ø´Ù¾Ø²Ø®Ø§Ù†Ù‡
knee,Ø²Ø§Ù†Ùˆ
knife,Ú†Ø§Ù‚Ùˆ
knit,Ø¨Ø§ÙØªÙ†
knitted,Ø¨Ø§ÙØªÙ†ÛŒ
knitting,Ø¨Ø§ÙÙ†Ø¯Ú¯ÛŒ
knock,Ø¯Ø± Ø²Ø¯Ù†
knock down,Ø¨Ø§ Ø¶Ø±Ø¨Øª Ø¨Ø²Ù…ÛŒÙ† Ú©ÙˆØ¨ÛŒØ¯Ù†
knock out,Ù†Ø§Ú© Ø§ÙˆØª
knot,Ú¯Ø±Ù‡
know,Ø¯Ø§Ù†Ø³ØªÙ†
knowledge,Ø¯Ø§Ù†Ø´
lab,Ø¢Ø²Ù…Ø§ÛŒØ´Ú¯Ø§Ù‡
label,Ø¨Ø±Ú†Ø³Ø¨
laboratory,Ø¢Ø²Ù…Ø§ÛŒØ´Ú¯Ø§Ù‡
labour,Ú©Ø§Ø± ÛŒØ¯ÛŒ
lack,Ø¹Ø¯Ù…
lacking,ÙØ§Ù‚Ø¯
lady,Ø®Ø§Ù†Ù…
lake,Ø¯Ø±ÛŒØ§Ú†Ù‡
lamp,Ù„Ø§Ù…Ù¾
land,Ø²Ù…ÛŒÙ†
landscape,Ú†Ø´Ù… Ø§Ù†Ø¯Ø§Ø²
lane,Ù…Ø³ÛŒØ±
language,Ø²Ø¨Ø§Ù†
large,Ø¨Ø²Ø±Ú¯
largely,ØªØ§ Ø­Ø¯ Ø²ÛŒØ§Ø¯ÛŒ
last 1,Ø¢Ø®Ø±ÛŒÙ† 1
late,Ø¯ÛŒØ±
later,Ø¨Ø¹Ø¯
latest,Ø¢Ø®Ø±ÛŒÙ†
latter,Ø¯ÙˆÙ…ÛŒ
laugh,Ø®Ù†Ø¯Ù‡
laugh at,Ø®Ù†Ø¯ÛŒØ¯Ù† Ø¨Ù‡
launch,Ø±Ø§Ù‡ Ø§Ù†Ø¯Ø§Ø²ÛŒ
law,Ù‚Ø§Ù†ÙˆÙ†
lawyer,ÙˆÚ©ÛŒÙ„
lay,Ø¯Ø±Ø§Ø²Ú©Ø´ÛŒØ¯Ù†
layer,Ù„Ø§ÛŒÙ‡
lazy,ØªÙ†Ø¨Ù„
lead 1,Ø³Ø±Ø¨ 1
leader,Ø±Ù‡Ø¨Ø±
leading 1,Ù…Ù†Ø¬Ø± 1
leaf,Ø¨Ø±Ú¯
league,Ù„ÛŒÚ¯
lean,Ù„Ø§ØºØ±
learn,ÙØ±Ø§ Ú¯Ø±ÙØªÙ†
least,Ú©Ù…ØªØ±ÛŒÙ†
leather,Ú†Ø±Ù…
leave,ØªØ±Ú© Ú©Ø±Ø¯Ù†
leave out,ØªØ±Ú© Ú©Ø±Ø¯Ù†
lecture,Ø³Ø®Ù†Ø±Ø§Ù†ÛŒ
left,ØªØ±Ú© Ú©Ø±Ø¯
leg,Ù¾Ø§
legal,Ù…Ø¬Ø§Ø²
legally,Ù‚Ø§Ù†ÙˆÙ†Ø§
lemon,Ù„ÛŒÙ…Ùˆ
lend,Ù‚Ø±Ø¶ Ø¯Ø§Ø¯Ù†
length,Ø·ÙˆÙ„
less,Ú©Ù…ØªØ±
lesson,Ø¯Ø±Ø³
let,Ø§Ø¬Ø§Ø²Ù‡ Ø¯Ù‡ÛŒØ¯
let down,Ø§Ø¬Ø§Ø²Ù‡ Ø¯Ù‡ÛŒØ¯ Ù¾Ø§ÛŒÛŒÙ†
let off,Ø§Ø¬Ø§Ø²Ù‡
letter,Ø­Ø±Ù
level,Ù…Ø±Ø­Ù„Ù‡
library,Ú©ØªØ§Ø¨Ø®Ø§Ù†Ù‡
licence,Ù…Ø¬ÙˆØ²
license,Ù…Ø¬ÙˆØ²
lid,Ø¯Ø±ÛŒÚ†Ù‡
lie 1,Ø¯Ø±ÙˆØº 1
lie 2,Ø¯Ø±ÙˆØº 2
lie around,Ù„Ù… Ø¯Ø§Ø¯Ù†
lie down,Ø¯Ø±Ø§Ø² Ú©Ø´ÛŒØ¯Ù†
life,Ø²Ù†Ø¯Ú¯ÛŒ
lift,Ø¨Ù„Ù†Ø¯ Ú©Ø±Ø¯Ù†
light,Ø³Ø¨Ú©
lightly,Ø³Ø¨Ú©
like,Ù¾Ø³Ù†Ø¯ÛŒØ¯Ù†
likely,Ø§Ø­ØªÙ…Ø§Ù„ Ø¯Ø§Ø±Ø¯
limit,Ø­Ø¯
limited,Ù…Ø­Ø¯ÙˆØ¯
limit to,Ù…Ø­Ø¯ÙˆØ¯ÛŒØªÛŒ Ø¨Ø±Ø§ÛŒ
line,Ø®Ø·
link,Ø§Ø±ØªØ¨Ø§Ø· Ø¯Ø§Ø¯Ù†
lip,Ù„Ø¨
liquid,Ù…Ø§ÛŒØ¹
list,ÙÙ‡Ø±Ø³Øª
listen,Ú¯ÙˆØ´ Ú©Ù†
literature,Ø§Ø¯Ø¨ÛŒØ§Øª
litre,Ù„ÛŒØªØ±
little,Ù…Ù‚Ø¯Ø§Ø± Ú©Ù…ÛŒ
live 1,Ø²Ù†Ø¯Ú¯ÛŒ Ù…ÛŒ Ú©Ù†Ù†Ø¯ 1
live 2,Ø²Ù†Ø¯Ú¯ÛŒ Ù…ÛŒ Ú©Ù†Ù†Ø¯ 2
lively,Ø²Ù†Ø¯Ù‡
live on,Ø¯Ø± Ø²Ù†Ø¯Ú¯ÛŒ Ù…ÛŒ Ú©Ù†Ù†Ø¯
live through,Ø¯Ø± Ø·ÙˆÙ„ Ø²Ù†Ø¯Ú¯ÛŒ
live together,Ø¨Ø§ Ù‡Ù… Ø²Ù†Ø¯Ú¯ÛŒ Ù…ÛŒ Ú©Ù†Ù†Ø¯
living,Ø²Ù†Ø¯Ú¯ÙŠ ÙƒØ±Ø¯Ù†
load,Ø¨Ø§Ø±
loan,ÙˆØ§Ù…
local,Ù…Ø­Ù„ÛŒ
locally,Ø¨Ù‡ ØµÙˆØ±Øª Ù…Ø­Ù„ÛŒ
locate,Ù‚Ø±Ø§Ø± Ø¯Ø§Ø¯Ù†
located,ÙˆØ§Ù‚Ø¹ Ø´Ø¯Ù‡
location,Ù…Ø­Ù„
lock,Ù‚ÙÙ„ Ú©Ø±Ø¯Ù†
lock up,Ø²Ù†Ø¯Ø§Ù† Ú©Ø±Ø¯Ù†
logic,Ù…Ù†Ø·Ù‚
logical,Ù…Ù†Ø·Ù‚ÛŒ
lonely,ØªÙ†Ù‡Ø§
long,Ø·ÙˆÙ„Ø§Ù†ÛŒ
look,Ù†Ú¯Ø§Ù‡
look after,ØªÙˆØ¬Ù‡ Ø¯Ø§Ø´ØªÙ† Ø¨Ù‡
look at,Ù†Ú¯Ø§Ù‡
look down on,Ù†Ú¯Ø§Ù‡ Ú©Ø±Ø¯Ù† Ø¯Ø±
look forward to,Ù†Ú¯Ø§Ù‡ Ø¨Ù‡ Ø¬Ù„Ùˆ Ø¨Ù‡
look into,Ù†Ú¯Ø§Ù‡ Ø¨Ù‡
look on,Ù†Ú¯Ø§Ù‡ Ø¯Ø±
look on with,Ù†Ú¯Ø§Ù‡ Ø¨Ø§
look out,Ù…Ø±Ø§Ù‚Ø¨ Ø¨Ø§Ø´
look out for,Ù†Ú¯Ø§Ù‡ Ú©Ø±Ø¯Ù† Ø¨Ù‡
look round,Ø¨Ù‡ Ø¯ÙˆØ± Ùˆ Ø§Ø·Ø±Ø§Ù Ù†Ú¯Ø§Ù‡ Ú©Ù†
look through,Ù†Ú¯Ø§Ù‡ Ø±Ø§ Ø§Ø² Ø·Ø±ÛŒÙ‚
look up,Ø¬Ø³ØªØ¬Ùˆ
look up to,Ù†Ú¯Ø§Ù‡ Ú©Ø±Ø¯Ù† Ø¨Ù‡
loose,Ø§Ø² Ø¯Ø³Øª
loosely,Ø¢Ø²Ø§Ø¯Ø§Ù†Ù‡
lord,Ø®Ø¯Ø§ÙˆÙ†Ø¯
lorry,Ú©Ø§Ù…ÛŒÙˆÙ†
lose,Ø§Ø² Ø¯Ø³Øª Ø¯Ø§Ø¯Ù†
loss,Ø¶Ø±Ø± - Ø²ÛŒØ§Ù†
lost,Ú©Ù… Ø´Ø¯Ù‡
lot,Ø¨Ø³ÛŒØ§Ø±
loud,Ø¨Ø§ ØµØ¯Ø§ÛŒ Ø¨Ù„Ù†Ø¯
loudly,Ø¨Ù„Ù†Ø¯
love,Ø¹Ø´Ù‚
lovely,Ø¯ÙˆØ³Øª Ø¯Ø§Ø´ØªÙ†ÙŠ
lover,Ø¹Ø§Ø´Ù‚
low,Ú©Ù…
loyal,ÙˆÙØ§Ø¯Ø§Ø±
luck,Ø´Ø§Ù†Ø³
lucky,Ø®ÙˆØ´ Ø´Ø§Ù†Ø³
luggage,Ø¨Ø§Ø± Ù…Ø³Ø§ÙØ±
lump,ØªÙˆØ¯Ù‡
lunch,Ù†Ø§Ù‡Ø§Ø±
lung,Ø±ÛŒÙ‡
machine,Ø¯Ø³ØªÚ¯Ø§Ù‡
machinery,Ø¯Ø³ØªÚ¯Ø§Ù‡
mad,Ø¯ÛŒÙˆØ§Ù†Ù‡
magazine,Ù…Ø¬Ù„Ù‡
magic,Ø´Ø¹Ø¨Ø¯Ù‡ Ø¨Ø§Ø²ÙŠ
mail,Ù¾Ø³Øª
main,Ø§ØµÙ„ÛŒ
mainly,Ø¨Ù‡ Ø·ÙˆØ± Ø¹Ù…Ø¯Ù‡
maintain,Ø­ÙØ¸
major,Ø¹Ù…Ø¯Ù‡
majority,Ø§Ú©Ø«Ø±ÛŒØª
make,Ø±Ø§
make into,ØªØ¨Ø¯ÛŒÙ„ Ø¨Ù‡
make up,Ø¢Ø±Ø§ÛŒØ´
make-up,Ø¢Ø±Ø§ÛŒØ´
make up for,Ø¢Ù…Ø§Ø¯Ù‡ Ø´Ø¯Ù† Ø¨Ø±Ø§ÛŒ
male,Ù†Ø±
mall,Ù…Ø±Ú©Ø² Ø®Ø±ÛŒØ¯
man,Ù…Ø±Ø¯
manage,Ù…Ø¯ÛŒØ±ÛŒØª
management,Ù…Ø¯ÛŒØ±ÛŒØª
manager,Ù…Ø¯ÛŒØ±
manner,Ø´ÛŒÙˆÙ‡
manufacture,ØªÙˆÙ„ÛŒØ¯
manufacturer,Ø³Ø§Ø²Ù†Ø¯Ù‡
manufacturing,ØªÙˆÙ„ÛŒØ¯
many,Ø²ÛŒØ§Ø¯
map,Ù†Ù‚Ø´Ù‡
march,Ù…Ø§Ø±Ø³
March,Ù…Ø§Ø±Ø³
mark,Ø¹Ù„Ø§Ù…Øª
market,Ø¨Ø§Ø²Ø§Ø±
marketing,Ø¨Ø§Ø²Ø§Ø± ÛŒØ§Ø¨ÛŒ
marriage,Ø§Ø²Ø¯ÙˆØ§Ø¬
married,Ù…ØªØ§Ù‡Ù„
marry,Ø§Ø²Ø¯ÙˆØ§Ø¬
mass,Ø¬Ø±Ù…
massive,Ø¹Ø¸ÛŒÙ…
master,Ø§Ø³ØªØ§Ø¯
match,Ù‡Ù…Ø®ÙˆØ§Ù†ÛŒ Ø¯Ø§Ø´ØªÙ†
matching,ØªØ·Ø§Ø¨Ù‚
match up,Ù…Ø·Ø§Ø¨Ù‚Øª Ú©Ø±Ø¯Ù†
mate,Ø±ÙÛŒÙ‚
material,Ù…Ø§Ø¯Ù‡
mathematics,Ø±ÛŒØ§Ø¶ÛŒØ§Øª
matter,Ù…ÙˆØ¶ÙˆØ¹
maximum,Ø¨ÛŒØ´ØªØ±ÛŒÙ†
may,Ù…Ù…Ú©Ù† Ø§Ø³Øª
May,Ù…Ù…Ú©Ù† Ø§Ø³Øª
maybe,Ø´Ø§ÛŒØ¯
mayor,Ø´Ù‡Ø±Ø¯Ø§Ø±
me,Ø¨Ù‡ Ù…Ù†
meal,ÙˆØ¹Ø¯Ù‡ ØºØ°Ø§ÛŒÛŒ
mean,Ù…Ù†Ø¸ÙˆØ± Ø¯Ø§Ø´ØªÙ†
meaning,Ù…Ø¹Ù†Ø§ÛŒ
means,Ø¨Ù‡ Ù…Ø¹Ù†Ø§ÛŒ
meanwhile,Ø¯Ø± Ù‡Ù…ÛŒÙ† Ø­Ø§Ù„
measure,Ø§Ù†Ø¯Ø§Ø²Ù‡ Ú¯Ø±ÙØªÙ†
measurement,Ø§Ù†Ø¯Ø§Ø²Ù‡ Ú¯ÛŒØ±ÛŒ
meat,Ú¯ÙˆØ´Øª
media,Ø±Ø³Ø§Ù†Ù‡ Ù‡Ø§
medical,Ù¾Ø²Ø´Ú©ÛŒ
medicine,Ù¾Ø²Ø´Ú©ÛŒ
medium,Ù…ØªÙˆØ³Ø·
meet,Ù…Ù„Ø§Ù‚Ø§Øª
meeting,Ù…Ù„Ø§Ù‚Ø§Øª
meet up,Ù…Ù„Ø§Ù‚Ø§Øª
meet with,Ù…Ù„Ø§Ù‚Ø§Øª Ø¨Ø§
melt,Ø°ÙˆØ¨ Ø´Ø¯Ù†
member,Ø¹Ø¶Ùˆ
membership,Ø¹Ø¶ÙˆÛŒØª
memory,Ø­Ø§ÙØ¸Ù‡
mental,Ø±ÙˆØ§Ù†ÛŒ
mentally,Ø°Ù‡Ù†ÛŒ
mention,Ø§Ø´Ø§Ø±Ù‡
menu,Ù…Ù†Ùˆ
mere,Ù…Ø­Ø¶
merely,ØµØ±ÙØ§ - ÙÙ‚Ø·
mess,Ø¨Ù‡Ù… Ø±ÛŒØ®ØªÚ¯ÛŒ
message,Ù¾ÛŒØ§Ù…
metal,ÙÙ„Ø²
method,Ø±ÙˆØ´
metre,Ù…ØªØ±
mid-,Ø§ÙˆØ§Ø³Ø·
midday,Ø¸Ù‡Ø±
middle,ÙˆØ³Ø·
midnight,Ù†ÛŒÙ…Ù‡ Ø´Ø¨
might,Ù…Ù…Ú©Ù†
mild,Ø®ÙÛŒÙ
mile,Ù…Ø§ÛŒÙ„
military,Ù†Ø¸Ø§Ù…ÛŒ
milk,Ø´ÛŒØ±
milligram,ÛŒÚ© Ù‡Ø²Ø§Ø±Ù… Ú¯Ø±Ù…
millimetre,Ù…ÛŒÙ„ÛŒÙ…ØªØ±
million,Ù…ÛŒÙ„ÛŒÙˆÙ†
millionth,Ù…ÛŒÙ„ÛŒÙˆÙ†ÛŒÙˆÙ…
mind,Ø°Ù‡Ù†
mine,Ù…Ø§Ù„ Ø®ÙˆØ¯Ù…
mineral,Ù…Ø¹Ø¯Ù†ÛŒ
minimum,Ú©Ù…ØªØ±ÛŒÙ†
minister,ÙˆØ²ÛŒØ±
ministry,ÙˆØ²Ø§Ø±Øª
minor,Ø¬Ø²Ø¦ÛŒ
minority,Ø§Ù‚Ù„ÛŒØª
minute 1,Ø¯Ù‚ÛŒÙ‚Ù‡ 1
mirror,Ø§ÛŒÙ†Ù‡
miss,Ø§Ø² Ø¯Ø³Øª Ø¯Ø§Ø¯Ù†
missing,Ú¯Ù…
miss out,Ø®Ø§Ù†Ù… Ø¨Ù‡ Ø®Ø§Ø±Ø¬
mistake,Ø§Ø´ØªØ¨Ø§Ù‡
mistake for,Ø§Ø´ØªØ¨Ø§Ù‡
mistaken,Ø§Ø´ØªØ¨Ø§Ù‡
mix,Ù…Ø®Ù„ÙˆØ· Ú©Ø±Ø¯Ù†
mixed,Ù…Ø®Ù„ÙˆØ·
mixture,Ù…Ø®Ù„ÙˆØ·
mix up,Ù…ØºØ´ÙˆØ´ Ú©Ø±Ø¯Ù†
mobile,Ø³ÛŒØ§Ø±
mobile phone,ØªÙ„ÙÙ† Ù‡Ù…Ø±Ø§Ù‡
model,Ù…Ø¯Ù„
modern,Ù†ÙˆÛŒÙ†
mom,Ù…Ø§Ø¯Ø±
moment,Ù„Ø­Ø¸Ù‡
Monday,Ø¯ÙˆØ´Ù†Ø¨Ù‡
money,Ù¾ÙˆÙ„
monitor,Ù…Ø§Ù†ÛŒØªÙˆØ±
month,Ù…Ø§Ù‡
mood,Ø­Ø§Ù„Øª
moon,Ù…Ø§Ù‡
moral,Ø§Ø®Ù„Ø§Ù‚ÛŒ
morally,Ø§Ø² Ù†Ø¸Ø± Ø§Ø®Ù„Ø§Ù‚ÛŒ
more,Ø¨ÛŒØ´ØªØ±
moreover,Ø¹Ù„Ø§ÙˆÙ‡ Ø¨Ø± Ø§ÛŒÙ†
morning,ØµØ¨Ø­
most,Ø§Ú©Ø«Ø±
mostly,Ø§ØºÙ„Ø¨
mother,Ù…Ø§Ø¯Ø±
motion,Ø­Ø±Ú©Øª - Ø¬Ù†Ø¨Ø´
motor,Ù…ÙˆØªÙˆØ±
motorbike,Ù…ÙˆØªÙˆØ± Ø³ÛŒÚ©Ù„Øª
motorcycle,Ù…ÙˆØªÙˆØ±Ø³ÛŒÚ©Ù„Øª
mount,Ú©ÙˆÙ‡
mountain,Ú©ÙˆÙ‡
mouse,Ù…Ø§ÙˆØ³
mouth,Ø¯Ù‡Ø§Ù†
move,Ø­Ø±Ú©Øª
move in,Ø­Ø±Ú©Øª Ø¯Ø±
movement,Ø¬Ù†Ø¨Ø´
move out,Ø­Ø±Ú©Øª Ø¯Ø± Ø®Ø§Ø±Ø¬
move over,Ø­Ø±Ú©Øª Ø¨ÛŒØ´ Ø§Ø²
movie,ÙÛŒÙ„Ù… Ø³ÛŒÙ†Ù…Ø§
movie theater,Ø³ÛŒÙ†Ù…Ø§
moving,Ø¯Ø± Ø­Ø§Ù„ Ø­Ø±Ú©Øª
Mr,Ø¢Ù‚Ø§ÛŒ
Mrs,Ø®Ø§Ù†Ù…
Ms,Ø§Ù…Ø§Ø³
much,Ø¨Ø³ÛŒØ§Ø±
mud,Ú¯Ù„ Ùˆ Ù„Ø§ÛŒ
multiply,ØªÚ©Ø«ÛŒØ± Ú©Ø±Ø¯Ù†
mum,Ù…Ø§Ø¯Ø±
murder,Ø¢Ø¯Ù… Ú©Ø´ÛŒ
muscle,Ù…Ø§Ù‡ÛŒÚ†Ù‡
museum,Ù…ÙˆØ²Ù‡
music,Ù…ÙˆØ³ÛŒÙ‚ÛŒ
musical,Ù…ÙˆØ³ÛŒÙ‚ÛŒ
musician,Ù†ÙˆØ§Ø²Ù†Ø¯Ù‡
must,Ø¨Ø§ÛŒØ¯
my,Ù…Ù†
myself,Ø®ÙˆØ¯Ù…
mysterious,Ø§Ø³Ø±Ø§Ø± Ø§Ù…ÛŒØ²
mystery,Ø±Ø§Ø²
nail,Ù†Ø§Ø®Ù† - Ù…ÛŒØ®
naked,Ø¨Ø±Ù‡Ù†Ù‡
name,Ù†Ø§Ù…
narrow,Ù…Ø­Ø¯ÙˆØ¯ØŒ ØªÙ†Ú¯
nation,Ù…Ù„Øª
national,Ù…Ù„ÛŒ
natural,Ø·Ø¨ÛŒØ¹ÛŒ
naturally,Ø¨Ù‡ Ø·ÙˆØ± Ø·Ø¨ÛŒØ¹ÛŒ
nature,Ø·Ø¨ÛŒØ¹Øª
navy,Ù†ÛŒØ±ÙˆÛŒ Ø¯Ø±ÛŒØ§ÛŒÛŒ
near,Ù†Ø²Ø¯ÛŒÚ©
nearby,Ù†Ø²Ø¯ÛŒÚ©
nearly,ØªÙ‚Ø±ÛŒØ¨Ø§
neat,Ø´Ø³ØªÙ‡ Ùˆ Ø±ÙØªÙ‡
neatly,Ù…Ù†Ø¸Ù…ÛŒ
necessarily,Ù„Ø²ÙˆÙ…Ø§
necessary,Ù„Ø§Ø²Ù…
neck,Ú¯Ø±Ø¯Ù†
need,Ù†ÛŒØ§Ø²
needle,Ø³ÙˆØ²Ù†
negative,Ù…Ù†ÙÛŒ
neighbour,Ù‡Ù…Ø³Ø§ÛŒÙ‡
neighbourhood,Ù‡Ù…Ø³Ø§ÛŒÚ¯ÛŒ
neither,Ù†Ù‡ Ù†Ù‡
nephew,Ù¾Ø³Ø± Ø®ÙˆØ§Ù‡Ø± ÛŒØ§ Ø¨Ø±Ø§Ø¯Ø±
nerve,Ø¹ØµØ¨
nervous,Ø¹ØµØ¨ÛŒ
nervously,Ø¹ØµØ¨ÛŒ
nest,Ù„Ø§Ù†Ù‡
net,Ø®Ø§Ù„Øµ
network,Ø´Ø¨Ú©Ù‡
never,Ù‡Ø±Ú¯Ø²
nevertheless,Ø¨Ø§ Ø§ÛŒÙ† Ø§ÙˆØµØ§Ù
new,Ø¬Ø¯ÛŒØ¯
newly,Ø§Ø®ÛŒØ±Ø§
news,Ø§Ø®Ø¨Ø§Ø±
newspaper,Ø±ÙˆØ²Ù†Ø§Ù…Ù‡
next,Ø¨Ø¹Ø¯
next to,Ø¬Ù†Ø¨
nice,Ø®ÙˆØ¨
nicely,Ø¸Ø±ÛŒÙØ§Ù†Ù‡
niece,Ø¯Ø®ØªØ± Ø¨Ø±Ø§Ø¯Ø± ÛŒØ§ Ø®ÙˆØ§Ù‡Ø± Ùˆ ØºÛŒØ±Ù‡
night,Ø´Ø¨
nine,Ù†Ù‡
nineteen,Ù†ÙˆØ²Ø¯Ù‡
nineteenth,Ù†ÙˆØ²Ø¯Ù‡Ù…ÛŒÙ†
ninetieth,Ù†ÙˆØ¯Ù…ÛŒÙ†
ninety,Ù†ÙˆØ¯
ninth,Ù†Ù‡Ù…ÛŒÙ†
no,Ø®ÛŒØ±
nobody,Ù‡ÙŠÚ† ÙƒØ³
noise,Ø³Ø± Ùˆ ØµØ¯Ø§
noisily,noisily Ø¯Ø±
noisy,Ù¾Ø± Ø³Ø± Ùˆ ØµØ¯Ø§
non-,ØºÛŒØ±-
none,Ù‡ÛŒÚ† ÛŒÚ©
nonsense,Ù…Ø²Ø®Ø±Ù
no one,Ù‡ÛŒÚ†Ú©Ø³
nor,Ùˆ Ù†Ù‡
normal,Ø·Ø¨ÛŒØ¹ÛŒ
normally,Ø¨Ù‡ Ø·ÙˆØ± Ù…Ø¹Ù…ÙˆÙ„
north,Ø´Ù…Ø§Ù„
northern,Ø´Ù…Ø§Ù„ÛŒ
nose,Ø¨ÛŒÙ†ÛŒ
not,Ù†Ù‡
note,ØªÙˆØ¬Ù‡ Ø¯Ø§Ø´ØªÙ‡ Ø¨Ø§Ø´ÛŒØ¯
note down,ØªÙˆØ¬Ù‡ Ø¯Ø§Ø´ØªÙ‡ Ø¨Ø§Ø´ÛŒØ¯ Ù¾Ø§ÛŒÛŒÙ†
nothing,Ù‡ÛŒÚ† Ú†ÛŒØ²ÛŒ
notice,Ø§Ø·Ù„Ø§Ø¹
noticeable,Ù‚Ø§Ø¨Ù„ ØªÙˆØ¬Ù‡
novel,Ø±Ù…Ø§Ù†
November,Ù†ÙˆØ§Ù…Ø¨Ø±
now,Ø§Ú©Ù†ÙˆÙ†
nowhere,Ù‡ÛŒÚ† Ø¬Ø§ÛŒÛŒ
nuclear,Ù‡Ø³ØªÙ‡ Ø§ÛŒ
number,Ø¹Ø¯Ø¯
nurse,Ù¾Ø±Ø³ØªØ§Ø±
nut,Ù…Ù‡Ø±Ù‡
obey,Ø§Ø·Ø§Ø¹Øª
object,Ù‡Ø¯Ù - Ø´ÛŒ
object,Ù‡Ø¯Ù - Ø´ÛŒ
objective,Ù‡Ø¯ÙØŒ ÙˆØ§Ù‚Ø¹Ú¯Ø±Ø§ÛŒØ§Ù†Ù‡
observation,Ù…Ø´Ø§Ù‡Ø¯Ù‡
observe,Ø±Ø¹Ø§ÛŒØª Ú©Ù†ÛŒØ¯
obtain,Ø¨Ù‡ Ø¯Ø³Øª Ø¢ÙˆØ±Ø¯Ù†
obvious,ÙˆØ§Ø¶Ø­
obviously,Ø¨Ù‡ Ø·ÙˆØ± Ù…Ø´Ø®Øµ
occasion,Ù…Ù†Ø§Ø³Ø¨Øª
occasionally,Ú¯Ø§Ù‡ Ùˆ Ø¨ÛŒÚ¯Ø§Ù‡
occupied,Ù…Ø´ØºÙˆÙ„
occupy,Ø§Ø´ØºØ§Ù„
occur,Ø±ÙˆÛŒ Ø¯Ø§Ø¯Ù†
occur to,Ø±Ø® Ù…ÛŒ Ø¯Ù‡Ø¯ Ø¨Ù‡
ocean,Ø§Ù‚ÛŒØ§Ù†ÙˆØ³
oâ€™clock,Ø³Ø§Ø¹Øª
October,Ø§Ú©ØªØ¨Ø±
odd,ÙØ±Ø¯
oddly,Ø¹Ø¬ÛŒØ¨
of,Ø§Ø²
off,Ø®Ø§Ù…ÙˆØ´
offence,ØªÙˆÙ‡ÛŒÙ†
offend,Ø§Ø°ÛŒØª Ú©Ø±Ø¯Ù†
offense,ØªÙˆÙ‡ÛŒÙ†
offensive,Ø­Ù…Ù„Ù‡
offer,Ù¾ÛŒØ´Ù†Ù‡Ø§Ø¯
office,Ø¯ÙØªØ±
officer,Ø§ÙØ³Ø±
official,Ø±Ø³Ù…ÛŒ
officially,Ø±Ø³Ù…Ø§
often,ØºØ§Ù„Ø¨Ø§
oh,Ø§ÙˆÙ‡
oil,Ù†ÙØª
OK,Ø®ÙˆØ¨
old,Ù‚Ø¯ÛŒÙ…ÛŒ
old-fashioned,Ø³Ø¨Ú© Ù‚Ø¯ÛŒÙ…ÛŒ
on,Ø¨Ø±
once,ÛŒÚ© Ø¨Ø§Ø±
one,ÛŒÚ©ÛŒ
one another,ÛŒÚ©ÛŒ Ø¯ÛŒÚ¯Ø±
onion,Ù¾ÛŒØ§Ø²
online,Ø¨Ø±Ø®Ø·
only,ÙÙ‚Ø·
onto,Ø¨Ù‡ Ø³ÙˆÛŒ
open,Ø¨Ø§Ø² Ú©Ù†
opening,Ø§ÙØªØªØ§Ø­
openly,Ø¨ÛŒ Ù¾Ø±Ø¯Ù‡
open up,Ø¨Ø§Ø² Ú©Ù†
operate,Ú©Ø§Ø±
operation,Ø¹Ù…Ù„
opinion,Ù†Ø¸Ø±
opponent,Ø­Ø±ÛŒÙ
opportunity,ÙØ±ØµØª
oppose,Ù…Ø®Ø§Ù„ÙØª
opposed,Ù…Ø®Ø§Ù„Ù
opposing,Ù…Ø®Ø§Ù„Ù
opposite,Ù…Ù‚Ø§Ø¨Ù„
opposition,Ù…Ø®Ø§Ù„ÙØª
option,Ú¯Ø²ÛŒÙ†Ù‡
or,ÛŒØ§
orange,Ù†Ø§Ø±Ù†Ø¬ÛŒ
order,Ø³ÙØ§Ø±Ø´
ordinary,Ø¹Ø§Ø¯ÛŒ
organ,Ø¹Ø¶Ùˆ
organization,Ø³Ø§Ø²Ù…Ø§Ù†
organize,Ø³Ø§Ø²Ù…Ø§Ù† Ø¯Ø§Ø¯Ù†
organized,Ø³Ø§Ø²Ù…Ø§Ù† ÛŒØ§ÙØªÙ‡
origin,Ø§ØµÙ„ Ùˆ Ù†Ø³Ø¨
original,Ø§ØµÙ„ÛŒ
originally,Ø¯Ø± Ø§ØµÙ„
other,Ø¯ÛŒÚ¯Ø±
otherwise,Ø¯Ø± ØºÛŒØ± Ø§ÛŒÙ† ØµÙˆØ±Øª
ought to,Ø¨Ø§ÛŒØ¯
our,Ù…Ø§
ours,Ù…Ø§Ù„ Ù…Ø§
ourselves,Ø®ÙˆØ¯Ù…Ø§Ù†
out,Ø®Ø§Ø±Ø¬
outdoor,Ø®Ø§Ø±Ø¬ Ø§Ø² Ù…Ù†Ø²Ù„
outdoors,Ø¨ÛŒØ±ÙˆÙ† Ø§Ø² Ø®Ø§Ù†Ù‡
outer,Ø¨ÛŒØ±ÙˆÙ†ÛŒ
outline,Ø·Ø±Ø­ Ú©Ù„ÛŒ
output,ØªÙˆÙ„ÛŒØ¯
outside,Ø®Ø§Ø±Ø¬ Ø§Ø²
outside,Ø®Ø§Ø±Ø¬ Ø§Ø²
outstanding,Ø¨Ø±Ø¬Ø³ØªÙ‡
oven,ÙØ±
over,Ø¨Ø± ÙØ±Ø§Ø²
overall,Ø¨Ù‡ Ø·ÙˆØ± Ú©Ù„ÛŒ
overall,Ø¨Ù‡ Ø·ÙˆØ± Ú©Ù„ÛŒ
overcome,ØºÙ„Ø¨Ù‡ Ø¨Ø±
owe,Ù…Ø¯ÛŒÙˆÙ†
own,Ø®ÙˆØ¯
owner,Ù…Ø§Ù„Ú©
own up,Ø®ÙˆØ¯ Ø±Ø§ ØªØ§
pace 1,Ø³Ø±Ø¹Øª 1
pack,Ø¨Ø³ØªÙ‡
package,Ø¨Ø³ØªÙ‡
packaging,Ø¨Ø³ØªÙ‡ Ø¨Ù†Ø¯ÛŒ
packet,Ø¨Ø³ØªÙ‡
pack up,Ø¨Ø³ØªÙ‡
page,ØµÙØ­Ù‡
pain,Ø¯Ø±Ø¯
painful,Ø¯Ø±Ø¯Ù†Ø§Ú©
paint,Ø±Ù†Ú¯
painter,Ù†Ù‚Ø§Ø´
painting,Ø±Ù†Ú¯ Ø¢Ù…ÛŒØ²ÛŒ
pair,Ø¬ÙØª
palace,Ù‚ØµØ±
pale,Ø±Ù†Ú¯ Ù¾Ø±ÛŒØ¯Ù‡
pan 1,Ø­Ø±Ú©Øª 1
panel,ØªØ§Ø¨Ù„Ùˆ
pants,Ø´Ù„ÙˆØ§Ø±
paper,Ú©Ø§ØºØ°
parallel,Ù…ÙˆØ§Ø²ÛŒ
parent,ÙˆØ§Ù„Ø¯ÛŒÙ†
park,Ù¾Ø§Ø±Ú©
parliament,Ù…Ø¬Ù„Ø³
part,Ø¨Ø®Ø´
particular,Ø®Ø§Øµ
particularly,Ø¨Ù‡ ÙˆÛŒÚ˜Ù‡
partly,ØªØ§Ø­Ø¯ÛŒ
partner,Ø´Ø±ÛŒÚ©
partnership,Ø´Ø±Ø§Ú©Øª
party,Ù…Ù‡Ù…Ø§Ù†ÛŒ - Ø¬Ø´Ù†
pass,Ø¹Ø¨ÙˆØ±
passage,Ø¹Ø¨ÙˆØ±
pass away,ÙÙˆØª Ø´Ø¯Ù†
pass by,Ù†ÙˆØ´ØªÙ‡ Ø´Ø¯Ù‡ ØªÙˆØ³Ø·:
passenger,Ù…Ø³Ø§ÙØ±
passing,Ø¹Ø¨ÙˆØ±
pass on,Ú¯Ø°Ø´Øª
pass out,Ù…Ø±Ø¯Ù†
passport,Ú¯Ø°Ø±Ù†Ø§Ù…Ù‡
pass round,ØªØµÙˆÛŒØ¨ Ø¯ÙˆØ±
pass through,Ø¹Ø¨ÙˆØ± Ø§Ø²
past,Ú¯Ø°Ø´ØªÙ‡
path,Ù…Ø³ÛŒØ±
patience,ØµØ¨Ø±
patient,ØµØ¨ÙˆØ±
pattern,Ø§Ù„Ú¯Ùˆ
pause,ØªÙˆÙ‚Ù
pay,Ù¾Ø±Ø¯Ø§Ø®Øª
pay back,ØªÙ…Ø§Ø³ Ù¾Ø±Ø¯Ø§Ø®Øª
payment,Ù¾Ø±Ø¯Ø§Ø®Øª
pay out,Ù¾Ø±Ø¯Ø§Ø®Øª
pay up,ØªÙ…Ø§Ù… Ùˆ Ú©Ù…Ø§Ù„ Ù¾Ø±Ø¯Ø§Ø®ØªÙ†
peace,ØµÙ„Ø­
peaceful,ØµÙ„Ø­ Ø¢Ù…ÛŒØ²
peak,Ø§ÙˆØ¬
pen,Ø®ÙˆØ¯Ú©Ø§Ø±
pencil,Ù…Ø¯Ø§Ø¯
penny,Ø´Ø§Ù‡ÛŒ
pension 1,Ø­Ù‚ÙˆÙ‚ Ø¨Ø§Ø²Ù†Ø´Ø³ØªÚ¯ÛŒ 1
people,Ù…Ø±Ø¯Ù…
pepper,ÙÙ„ÙÙ„
per,Ù…Ø·Ø§Ø¨Ù‚
per cent,Ø¯Ø±ØµØ¯
perfect,Ú©Ø§Ù…Ù„
perfectly,Ú©Ø§Ù…Ù„Ø§
perform,Ø§Ù†Ø¬Ø§Ù… Ø¯Ø§Ø¯Ù†
performance,Ú©Ø§Ø±Ø§ÛŒÛŒ
performer,Ø¨Ø§Ø²ÛŒÚ¯Ø±
perhaps,Ø´Ø§ÛŒØ¯
period,Ø¹Ø§Ø¯Øª Ø²Ù†Ø§Ù†Ù‡
permanent,Ø¯Ø§Ø¦Ù…ÙŠ
permanently,Ø¨Ù‡ Ø·ÙˆØ± Ø¯Ø§Ø¦Ù…
permission,Ø§Ø¬Ø§Ø²Ù‡
permit,Ø§Ø¬Ø§Ø²Ù‡
person,Ø´Ø®Øµ
personal,Ø´Ø®ØµÛŒ
personality,Ø´Ø®ØµÛŒØª
personally,Ø´Ø®ØµØ§
persuade,Ù…ØªÙ‚Ø§Ø¹Ø¯ Ú©Ø±Ø¯Ù†
pet,Ø­ÛŒÙˆØ§Ù† Ø®Ø§Ù†Ú¯ÛŒ
petrol,Ø¨Ù†Ø²ÛŒÙ†
phase,ÙØ§Ø²
philosophy,ÙÙ„Ø³ÙÙ‡
phone,ØªÙ„ÙÙ†
photo,Ø¹Ú©Ø³
photocopy,ÙØªÙˆÚ©Ù¾ÛŒ
photograph,Ø¹Ú©Ø³
photographer,Ø¹Ú©Ø§Ø³
photography,Ø¹Ú©Ø§Ø³ÛŒ
phrase,Ø¹Ø¨Ø§Ø±Øª
physical,ÙÛŒØ²ÛŒÚ©ÛŒ
physically,Ø§Ø² Ù„Ø­Ø§Ø¸ Ø¬Ø³Ù…ÛŒ
physics,ÙÛŒØ²ÛŒÚ©
piano,Ù¾ÛŒØ§Ù†Ùˆ
pick,Ø§Ù†ØªØ®Ø§Ø¨
pick up,Ø³ÙˆØ§Ø± Ú©Ø±Ø¯Ù†
picture,ØªØµÙˆÛŒØ±
piece,Ù‚Ø·Ø¹Ù‡
pig,Ø®ÙˆÚ©
pile,ØªÙˆØ¯Ù‡
pile up,Ø§Ù†Ø¨Ø§Ø´ØªÙ‡ Ø´Ø¯Ù†
pill,Ù‚Ø±Øµ
pilot,Ø®Ù„Ø¨Ø§Ù†
pin,Ø³Ù†Ø¬Ø§Ù‚
pink,Ø±Ù†Ú¯ ØµÙˆØ±ØªÛŒ
pint,Ù¾Ø§ÛŒÙ†Øª
pipe,Ù„ÙˆÙ„Ù‡
pitch,Ú¯Ø§Ù… ØµØ¯Ø§
pity,ØªØ±Ø­Ù…
place,Ù…Ø­Ù„
plain,Ø¬Ù„Ú¯Ù‡
plan,Ø·Ø±Ø­
plane,Ø³Ø·Ø­
planet,Ø³ÛŒØ§Ø±Ù‡
planning,Ø¨Ø±Ù†Ø§Ù…Ù‡ Ø±ÛŒØ²ÛŒ
plant,Ú¯ÛŒØ§Ù‡
plastic,Ù¾Ù„Ø§Ø³ØªÛŒÚ©
plate,ØµÙØ­Ù‡
platform,Ø³Ú©Ùˆ
play,Ø¨Ø§Ø²ÛŒ
play about,Ø¨Ø§Ø²ÛŒ Ø¯Ø± Ù…ÙˆØ±Ø¯
player,Ø¨Ø§Ø²ÛŒÚ©Ù†
play with,Ø¨Ø§Ø²ÛŒ Ø¨Ø§
pleasant,Ø¯Ù„Ù¾Ø°ÛŒØ±
pleasantly,Ø®ÙˆØ´
please,Ù„Ø·ÙØ§
pleased,Ø±Ø§Ø¶ÛŒ
pleasing,Ø®ÙˆØ´
pleasure,Ù„Ø°Øª
plenty,ÙØ±Ø§ÙˆØ§Ù†ÛŒ
plot,Ø·Ø±Ø­
plug,Ø¯Ùˆ Ø´Ø§Ø®Ù‡
plug in,Ø¨Ù‡ Ø¨Ø±Ù‚ ÙˆØµÙ„ Ú©Ø±Ø¯Ù†
plus 1,Ø¨Ù‡ Ø¹Ù„Ø§ÙˆÙ‡ 1
p.m.,Ø¨Ø¹Ø¯ Ø§Ø² Ø¸Ù‡Ø±
pocket,Ø¬ÛŒØ¨
poem,Ø´Ø¹Ø±
poetry,Ø´Ø¹Ø±
point,Ù†Ù‚Ø·Ù‡
pointed,Ø®Ø§Ø·Ø± Ù†Ø´Ø§Ù†
point out,Ø§Ø´Ø§Ø±Ù‡
poison,Ø³Ù…
poisonous,Ø³Ù…ÛŒ
pole,Ù‚Ø·Ø¨
police,Ù¾Ù„ÛŒØ³
policy,Ø®Ø· Ù…Ø´ÛŒ
polish,Ù„Ù‡Ø³ØªØ§Ù†ÛŒ
polite,Ø¨Ø§ Ø§Ø¯Ø¨
politely,Ù…ÙˆØ¯Ø¨Ø§Ù†Ù‡
political,Ø³ÛŒØ§Ø³ÛŒ
politically,Ø³ÛŒØ§Ø³ÛŒ
politician,Ø³ÛŒØ§Ø³ØªÙ…Ø¯Ø§Ø±
politics,Ø³ÛŒØ§Ø³Øª
pollution,Ø§Ù„ÙˆØ¯Ú¯ÛŒ
pool,Ø§Ø³ØªØ®Ø±
poor,ÙÙ‚ÛŒØ±
pop,ØªØ±Ú©ÛŒØ¯Ù†
popular,Ù…Ø­Ø¨ÙˆØ¨
population,Ø¬Ù…Ø¹ÛŒØª
port,Ø¨Ù†Ø¯Ø±
pose,Ú˜Ø³Øª
position,Ù…ÙˆÙ‚Ø¹ÛŒØª
positive,Ù…Ø«Ø¨Øª
possess,Ø¯Ø§Ø´ØªÙ†
possession,Ù…Ø§Ù„Ú©ÛŒØª
possibility,Ø§Ù…Ú©Ø§Ù† Ù¾Ø°ÛŒØ±ÛŒ
possible,Ù…Ù…Ú©Ù†
possibly,Ø§Ø­ØªÙ…Ø§Ù„Ø§
post,Ù¾Ø³Øª
post office,Ø§Ø¯Ø§Ø±Ù‡ Ù¾Ø³Øª
pot,Ú¯Ù„Ø¯Ø§Ù†
potato,Ø³ÛŒØ¨ Ø²Ù…ÛŒÙ†ÛŒ
potential,Ù¾ØªØ§Ù†Ø³ÛŒÙ„
potentially,Ø¨Ù‡ Ø·ÙˆØ± Ø¨Ø§Ù„Ù‚ÙˆÙ‡
pound,Ù¾ÙˆÙ†Ø¯
pour,Ø±ÛŒØ®ØªÙ†
powder,Ù¾ÙˆØ¯Ø±
power,Ù‚Ø¯Ø±Øª
powerful,Ù‚ÙˆÛŒ
practical,Ú©Ø§Ø±Ø¨Ø±Ø¯ÛŒ
practically,Ø¹Ù…Ù„Ø§
practice,ØªÙ…Ø±ÛŒÙ†
practise,ØªÙ…Ø±ÛŒÙ†
praise,Ø³ØªØ§ÛŒØ´
pray,Ù†Ù…Ø§Ø² Ø®ÙˆØ§Ù†Ø¯Ù†
prayer,Ù†Ù…Ø§Ø²
precise,Ø¯Ù‚ÛŒÙ‚
precisely,Ø¯Ù‚ÛŒÙ‚Ø§
predict,Ù¾ÛŒØ´ Ø¨ÛŒÙ†ÛŒ
prefer,ØªØ±Ø¬ÛŒØ­ Ù…ÛŒ Ø¯Ù‡Ù†Ø¯
preference,ØªØ±Ø¬ÛŒØ­
pregnant,Ø­Ø§Ù…Ù„Ù‡
premises,Ù…Ø­Ù„
preparation,Ø¢Ù…Ø§Ø¯Ù‡ Ø³Ø§Ø²ÛŒ
prepare,Ø¢Ù…Ø§Ø¯Ù‡ Ú©Ø±Ø¯Ù†
prepared,Ø¢Ù…Ø§Ø¯Ù‡ Ø´Ø¯Ù‡
presence,Ø­Ø¶ÙˆØ±
present,Ø­Ø§Ø¶Ø±
present,Ø­Ø§Ø¶Ø±
presentation,Ø§Ø±Ø§Ø¦Ù‡
preserve,Ø­ÙØ¸
president,Ø±Ø¦ÙŠØ³ Ø¬Ù…Ù‡ÙˆØ±
press,Ù…Ø·Ø¨ÙˆØ¹Ø§Øª
pressure,ÙØ´Ø§Ø±
presumably,Ø§Ø­ØªÙ…Ø§Ù„Ø§
pretend,ÙˆØ§Ù†Ù…ÙˆØ¯ Ú©Ø±Ø¯Ù†
pretty,Ø¨Ø³ÛŒØ§Ø±
prevent,Ø¬Ù„ÙˆÚ¯ÛŒØ±ÛŒ Ú©Ø±Ø¯Ù†
previous,Ù‚Ø¨Ù„ÛŒ
previously,Ù‚Ø¨Ù„Ø§
price,Ù‚ÛŒÙ…Øª
pride,ØºØ±ÙˆØ±
priest,Ú©Ø´ÛŒØ´
primarily,Ø¯Ø± Ø¯Ø±Ø¬Ù‡ Ø§ÙˆÙ„
primary,Ø§ÙˆÙ„ÛŒÙ‡
prime minister,Ù†Ø®Ø³Øª ÙˆØ²ÛŒØ±
prince,Ø´Ø§Ù‡Ø²Ø§Ø¯Ù‡
princess,Ø´Ø§Ù‡Ø²Ø§Ø¯Ù‡
principle,Ø§ØµÙ„
print,Ú†Ø§Ù¾
printer,Ú†Ø§Ù¾Ú¯Ø±
printing,Ú†Ø§Ù¾
print off,Ú†Ø§Ù¾ Ú©Ø±Ø¯Ù†
prior,Ù‚Ø¨Ù„ÛŒ
priority,Ø§ÙˆÙ„ÙˆÛŒØª
prison,Ø²Ù†Ø¯Ø§Ù†
prisoner,Ø²Ù†Ø¯Ø§Ù†ÛŒ
private,Ø®ØµÙˆØµÛŒ
privately,Ø®ØµÙˆØµÛŒ
prize,Ø¬Ø§ÛŒØ²Ù‡
probable,Ø§Ø­ØªÙ…Ø§Ù„ÛŒ
probably,Ø´Ø§ÛŒØ¯
problem,Ù…Ø³Ø¦Ù„Ù‡
procedure,Ø±ÙˆØ´
proceed,Ø§Ø¯Ø§Ù…Ù‡
process 1,ÙØ±Ø¢ÛŒÙ†Ø¯ 1
produce,ØªÙˆÙ„ÛŒØ¯ Ú©Ø±Ø¯Ù†
producer,ØªÙ‡ÛŒÙ‡ Ú©Ù†Ù†Ø¯Ù‡
product,ØªÙˆÙ„ÛŒØ¯ - Ù…Ø­ØµÙˆÙ„
production,ØªÙˆÙ„ÛŒØ¯
profession,Ø­Ø±ÙÙ‡
professional,Ø­Ø±ÙÙ‡ Ø§ÛŒ
professor,Ø§Ø³ØªØ§Ø¯
profit,Ø³ÙˆØ¯
program,Ø¨Ø±Ù†Ø§Ù…Ù‡
programme,Ø¨Ø±Ù†Ø§Ù…Ù‡
progress,Ù¾ÛŒØ´ Ø±ÙØªÙ†
progress,Ù¾ÛŒØ´ Ø±ÙØªÙ†
project,Ù¾Ø±ÙˆÚ˜Ù‡
project,Ù¾Ø±ÙˆÚ˜Ù‡
promise,ÙˆØ¹Ø¯Ù‡
promote,ØªØ±ÙˆÛŒØ¬
promotion,ØªØ±ÙˆÛŒØ¬
prompt,Ø³Ø±ÛŒØ¹
promptly,Ø¨ÛŒ Ø¯Ø±Ù†Ú¯
pronounce,ØªÙ„ÙØ¸
pronunciation,ØªÙ„ÙØ¸
proof,Ø§Ø«Ø¨Ø§Øª
proper,Ù…Ù†Ø§Ø³Ø¨
properly,Ø¨Ù‡ Ø¯Ø±Ø³ØªÛŒ
property,ÙˆÛŒÚ˜Ú¯ÛŒ
proportion,ØªÙ†Ø§Ø³Ø¨ØŒ Ù‚Ø³Ù…Øª
proposal,Ù¾ÛŒØ´Ù†Ù‡Ø§Ø¯
propose,Ù¾ÛŒØ´Ù†Ù‡Ø§Ø¯
prospect,Ú†Ø´Ù… Ø§Ù†Ø¯Ø§Ø²
protect,Ù…Ø­Ø§ÙØ¸Øª
protection,Ø­ÙØ§Ø¸Øª
protest,Ø§Ø¹ØªØ±Ø§Ø¶
protest,Ø§Ø¹ØªØ±Ø§Ø¶
proud,Ù…ØºØ±ÙˆØ±
proudly,Ø¨Ø§ Ø§ÙØªØ®Ø§Ø±
prove,Ø«Ø§Ø¨Øª ÙƒØ±Ø¯Ù†
provide,Ø§Ø±Ø§Ø¦Ù‡
provided,Ø§Ø±Ø§Ø¦Ù‡
providing,ÙØ±Ø§Ù‡Ù… Ø¢ÙˆØ±Ø¯Ù†
pub,Ù…ÛŒØ®Ø§Ù†Ù‡
public,Ø¹Ù…ÙˆÙ…ÛŒ
publication,Ø§Ù†ØªØ´Ø§Ø±
publicity,ØªØ¨Ù„ÛŒØºØ§Øª
publicly,Ø¹Ù…ÙˆÙ…ÛŒ
publish,Ø§Ù†ØªØ´Ø§Ø±
publishing,Ú†Ø§Ù¾ Ùˆ Ù†Ø´Ø±
pull,Ú©Ø´ÛŒØ¯Ù†
pull apart,Ø§Ø² Ù‡Ù… Ø¬Ø¯Ø§
pull down,Ù¾Ø§ÛŒÛŒÙ† Ú©Ø´ÛŒØ¯Ù†
pull in,Ù…ØªÙˆÙ‚Ù Ø´Ø¯Ù†
pull off,Ù†ÛŒØ±ÙˆÛŒ Ú©Ø´Ø´ Ø¨Ø±Ù‚ÛŒ
pull out,Ø¨Ú©Ø´ Ø¨ÛŒØ±ÙˆÙ†
pull over,Ù¾Ù„ÛŒÙˆØ±
pull through,Ø¯Ø± ØªÙ†Ú¯Ù†Ø§ Ú©Ù…Ú© ÛŒØ§ÙØªÙ†
pull together,Ù‡Ù…Ú©Ø§Ø±ÛŒ Ú©Ø±Ø¯Ù†
pull up,Ø¬Ù„Ùˆ Ú¯ÛŒØ±ÛŒ Ú©Ø±Ø¯Ù†
punch,Ù…Ø´Øª
punish,ØªÙ†Ø¨ÛŒÙ‡ Ú©Ø±Ø¯Ù†
punishment,Ù…Ø¬Ø§Ø²Ø§Øª
pupil,Ø´Ø§Ú¯Ø±Ø¯
purchase,Ø®Ø±ÛŒØ¯
pure,Ø®Ø§Ù„Øµ
purely,ØµØ±ÙØ§
purple,Ø±Ù†Ú¯ Ø¨Ù†ÙØ´
purpose,Ù‡Ø¯Ù
pursue,Ø¯Ù†Ø¨Ø§Ù„ Ú©Ø±Ø¯Ù†
push,ÙØ´Ø§Ø± Ø¯Ø§Ø¯Ù†
push about,ÙØ´Ø§Ø± Ù…ÙˆØ±Ø¯
push forward,ÙØ´Ø§Ø± Ø±Ùˆ Ø¨Ù‡ Ø¬Ù„Ùˆ
put,Ù‚Ø±Ø§Ø± Ø¯Ø§Ø¯Ù†
put away,Ú©Ù†Ø§Ø± Ú¯Ø°Ø§Ø±Ø¯Ù†
put back,Ø¨Ú¯Ø°Ø§Ø± Ø³Ø± Ø¬Ø§Ø´
put down,Ø§Ø² Ø¨ÛŒÙ† Ø¨Ø±Ø¯Ù†
put forward,Ù†Ø§Ù…Ø²Ø¯
put in,Ø¯Ø±
put off,Ø§Ø² Ø³Ø± Ø¨Ø§Ø² Ú©Ø±Ø¯Ù†
put on,Ù¾ÙˆØ´ÛŒØ¯Ù†
put out,Ø®Ø§Ù…ÙˆØ´ Ú©Ø±Ø¯Ù†
put through,ÙˆØ§Ø¯Ø§Ø´ØªÙ†
put together,Ú©Ù†Ø§Ø± Ù‡Ù… Ù‚Ø±Ø§Ø± Ø¯Ø§Ø¯Ù†
put up,Ù‚Ø±Ø§Ø± Ø¯Ø§Ø¯Ù‡ ØªØ§
put up with,Ù‚Ø±Ø§Ø± Ø¯Ø§Ø¯Ù‡ ØªØ§ Ø¨Ø§
qualification,ØµÙ„Ø§Ø­ÛŒØª
qualified,ÙˆØ§Ø¬Ø¯ Ø´Ø±Ø§ÛŒØ·
qualify,ÙˆØ§Ø¬Ø¯ Ø´Ø±Ø§ÛŒØ· Ø´Ø¯Ù†
quality,Ú©ÛŒÙÛŒØª
quantity,ØªØ¹Ø¯Ø§Ø¯
quarter,Ø±Ø¨Ø¹
queen,Ù…Ù„Ú©Ù‡
question,Ø³ÙˆØ§Ù„
quick,Ø³Ø±ÛŒØ¹
quickly,Ø¨Ù‡ Ø³Ø±Ø¹Øª
quiet,Ø³Ø§Ú©Øª
quietly,Ø¨ÛŒ Ø³Ø± Ùˆ ØµØ¯Ø§
quit,ØªØ±Ú©
quite,Ú©Ø§Ù…Ù„Ø§
quote,Ù†Ù‚Ù„ Ù‚ÙˆÙ„
race,Ù…Ø³Ø§Ø¨Ù‚Ù‡
racing,Ù…Ø³Ø§Ø¨Ù‚Ù‡
radio,Ø±Ø§Ø¯ÛŒÙˆ
rail,Ø±ÛŒÙ„
railroad,Ø±Ø§Ù‡ Ø¢Ù‡Ù†
railway,Ø±Ø§Ù‡ Ø¢Ù‡Ù†
rain,Ø¨Ø§Ø±Ø§Ù†
raise,Ø§ÙØ²Ø§ÛŒØ´
range,Ø¯Ø§Ù…Ù†Ù‡
rank,Ø±ØªØ¨Ù‡
rapid,Ø³Ø±ÛŒØ¹
rapidly,Ø¨Ù‡ Ø·ÙˆØ± Ø³Ø±ÛŒØ¹
rare,Ù†Ø§Ø¯Ø±
rarely,Ø¨Ù‡ Ù†Ø¯Ø±Øª
rate,Ù†Ø±Ø®
rather,Ù†Ø³Ø¨ØªØ§
raw,Ø®Ø§Ù…
re-,Ø¯ÙˆØ¨Ø§Ø±Ù‡
reach,Ø±Ø³ÛŒØ¯Ù†
react,ÙˆØ§Ú©Ù†Ø´ Ù†Ø´Ø§Ù† Ø¯Ø§Ø¯Ù†
reaction,ÙˆØ§Ú©Ù†Ø´
read,Ø®ÙˆØ§Ù†Ø¯Ù†
reader,Ø®ÙˆØ§Ù†Ù†Ø¯Ù‡
reading,Ù‚Ø±Ø§Ø¦Øª
read out,Ø¨Ù‡ Ø¹Ù†ÙˆØ§Ù† Ø®ÙˆØ§Ù†Ø¯Ù‡ Ø´Ø¯Ù‡
read over,Ø®ÙˆØ§Ù†Ø¯Ù† Ø¨ÛŒØ´ Ø§Ø²
ready,Ø¢Ù…Ø§Ø¯Ù‡
real,ÙˆØ§Ù‚Ø¹ÛŒ
realistic,ÙˆØ§Ù‚Ø¹ Ø¨ÛŒÙ†
reality,ÙˆØ§Ù‚Ø¹ÛŒØª
realize,Ù¾ÛŒ Ø¨Ø±Ø¯Ù†
really,ÙˆØ§Ù‚Ø¹Ø§
rear,Ø¹Ù‚Ø¨
reason,Ø¯Ù„ÛŒÙ„
reasonable,Ù…Ø¹Ù‚ÙˆÙ„
reasonably,Ù…Ù†Ø·Ù‚ÛŒ
recall,Ø¨Ù‡ Ø®Ø§Ø·Ø± Ø¢ÙˆØ±Ø¯Ù†
receipt,Ø§Ø¹Ù„Ø§Ù… ÙˆØµÙˆÙ„
receive,Ø¯Ø±ÙŠØ§ÙØª ÙƒØ±Ø¯Ù†
recent,Ø§Ø®ÛŒØ±
recently,Ø¨Ù‡ ØªØ§Ø²Ú¯ÛŒ
reception,Ù¾Ø°ÛŒØ±Ø´
reckon,Ø±ÙˆÛŒ Ú†ÛŒØ²ÛŒ Ø­Ø³Ø§Ø¨ Ú©Ø±Ø¯Ù†
reckon on,Ø±ÙˆØ´ Ø­Ø³Ø§Ø¨ Ú©Ù†
recognition,Ø¨Ù‡ Ø±Ø³Ù…ÛŒØª Ø´Ù†Ø§Ø®ØªÙ†
recognize,ØªØ´Ø®ÛŒØµ
recommend,ØªÙˆØµÛŒÙ‡
record,Ø±Ú©ÙˆØ±Ø¯
record,Ø±Ú©ÙˆØ±Ø¯
recording,Ø¶Ø¨Ø·
recover,Ø¨Ù‡Ø¨ÙˆØ¯ ÛŒØ§ÙØªÙ†
red,Ù‚Ø±Ù…Ø²
reduce,ÙƒØ§Ù‡Ø´ Ø¯Ø§Ø¯Ù†
reduction,Ú©Ø§Ù‡Ø´
refer,Ù…Ø±Ø§Ø¬Ø¹Ù‡ Ú©Ù†ÛŒØ¯
reference,Ù…Ø±Ø¬Ø¹
refer to,Ø¨Ø±Ø§ÛŒ Ø§Ø´Ø§Ø±Ù‡
reflect,Ù…Ù†Ø¹Ú©Ø³ Ú©Ø±Ø¯Ù†
reform,Ø§ØµÙ„Ø§Ø­Ø§Øª
refrigerator,ÛŒØ®Ú†Ø§Ù„
refusal,Ø§Ù…ØªÙ†Ø§Ø¹
refuse 1,Ø§Ù…ØªÙ†Ø§Ø¹ 1
regard,ØªÙˆØ¬Ù‡
regarding,Ø¨Ø§ ØªÙˆØ¬Ù‡
region,Ù…Ù†Ø·Ù‚Ù‡
regional,Ù…Ù†Ø·Ù‚Ù‡ Ø§ÛŒ
register,Ø«Ø¨Øª Ù†Ø§Ù…
regret,Ù¾Ø´ÛŒÙ…Ø§Ù† Ø´Ø¯Ù†. Ù¾Ø´ÛŒÙ…Ø§Ù†ÛŒ
regular,Ù…Ù†Ø¸Ù…
regularly,Ø¨Ù‡ Ø·ÙˆØ± Ù…Ù†Ø¸Ù…
regulation,Ù…Ù‚Ø±Ø±Ø§Øª
reject,Ø±Ø¯ Ú©Ø±Ø¯Ù†
relate,Ù…Ø±Ø¨ÙˆØ· Ø¨ÙˆØ¯Ù†
related,Ù…Ø±Ø¨ÙˆØ·
relate to,Ù…Ø±Ø¨ÙˆØ· Ø¨Ù‡
relation,Ø±Ø§Ø¨Ø·Ù‡
relationship,Ø§Ø±ØªØ¨Ø§Ø·
relative,Ù†Ø³Ø¨Øª ÙØ§Ù…ÛŒÙ„ÛŒ
relatively,Ø¨Ù‡ Ø·ÙˆØ± Ù†Ø³Ø¨ÛŒ
relax,Ø¢Ø±ÙˆÙ… Ø¨Ø§Ø´
relaxed,Ø¢Ø±Ø§Ù…
relaxing,Ø¢Ø±Ø§Ù…Ø´ Ø¨Ø®Ø´
release,Ø±Ù‡Ø§ÛŒÛŒ
relevant,Ù…Ø±Ø¨ÙˆØ·
relief,ØªØ³Ú©ÛŒÙ†
religion,Ø¯ÛŒÙ†
religious,Ø¯ÛŒÙ†ÛŒ
rely,ØªÚ©ÛŒÙ‡
rely on,ÙˆØ§Ø¨Ø³ØªÙ‡ Ø¨Ù‡
remain,Ù…Ø§Ù†Ø¯Ù†
remaining,Ø¨Ø§Ù‚ÛŒ Ù…Ø§Ù†Ø¯Ù‡
remains,Ø¨Ø§Ù‚ÛŒ
remark,Ø§Ø¸Ù‡Ø§Ø±
remarkable,Ù‚Ø§Ø¨Ù„ ØªÙˆØ¬Ù‡
remarkably,Ù‚Ø§Ø¨Ù„ Ù…Ù„Ø§Ø­Ø¸Ù‡ Ø§ÛŒ
remember,ÛŒØ§Ø¯ Ø¢ÙˆØ±Ø¯Ù†
remind,Ø¨Ù‡ ÛŒØ§Ø¯ Ø¢ÙˆØ±Ø¯Ù†
remind of,ÛŒØ§Ø¯Ø¢ÙˆØ±ÛŒ
remote,Ø§Ø² Ø±Ø§Ù‡ Ø¯ÙˆØ±
removal,Ø¨Ø±Ø¯Ø§Ø´Øª
remove,Ø¨Ø±Ø¯Ø§Ø´ØªÙ†
rent,Ø§Ø¬Ø§Ø±Ù‡
rented,Ø§Ø¬Ø§Ø±Ù‡
repair,ØªØ¹Ù…ÛŒØ±
repeat,ØªÚ©Ø±Ø§Ø±
repeated,Ù…Ú©Ø±Ø±
repeatedly,Ù…Ú©Ø±Ø±Ø§
replace,Ø¬Ø§ÛŒÚ¯Ø²ÛŒÙ† Ú©Ø±Ø¯Ù†
reply,Ù¾Ø§Ø³Ø®
report,Ú¯Ø²Ø§Ø±Ø´
represent,Ù†Ø´Ø§Ù† Ø¯Ø§Ø¯Ù†
representative,Ù†Ù…Ø§ÛŒÙ†Ø¯Ù‡
reproduce,ØªÚ©Ø«ÛŒØ±
reputation,Ø´Ù‡Ø±ØªØŒ Ø¢Ø¨Ø±Ùˆ
request,Ø¯Ø±Ø®ÙˆØ§Ø³Øª
require,Ù†ÛŒØ§Ø²
requirement,Ù†ÛŒØ§Ø²
rescue,Ù†Ø¬Ø§Øª
research,Ù¾Ú˜ÙˆÙ‡Ø´
reservation,Ø±Ø²Ø±Ùˆ
reserve,Ø°Ø®ÛŒØ±Ù‡
resident,Ø³Ø§Ú©Ù†
resist,Ù…Ù‚Ø§ÙˆÙ…Øª Ú©Ø±Ø¯Ù†
resistance,Ù…Ù‚Ø§ÙˆÙ…Øª
resolve,Ø¨Ø±Ø·Ø±Ù Ú©Ø±Ø¯Ù†
resort,Ø±ÙØª Ùˆ Ø¢Ù…Ø¯ Ù…Ú©Ø±Ø±
resort to,ØªÙˆØ³Ù„ Ø¨Ù‡
resource,Ù…Ù†Ø§Ø¨Ø¹
respect,ØªÙˆØ¬Ù‡
respond,Ù¾Ø§Ø³Ø® Ø¯Ø§Ø¯Ù†
response,ÙˆØ§Ú©Ù†Ø´
responsibility,Ù…Ø³Ø¦ÙˆÙ„ÛŒØª
responsible,Ù…Ø³Ø¦ÙˆÙ„ÙŠØª
rest,Ø¨Ø§Ù‚ÛŒ Ù…Ø§Ù†Ø¯Ù‡
restaurant,Ø±Ø³ØªÙˆØ±Ø§Ù†
restore,Ø¨Ø§Ø²Ú¯Ø±Ø¯Ø§Ù†Ø¯Ù†
restrict,Ù…Ø­Ø¯ÙˆØ¯ Ú©Ø±Ø¯Ù†
restricted,Ù…Ø­ØµÙˆØ±
restriction,Ù…Ø­Ø¯ÙˆØ¯ÛŒØª
result,Ù†ØªÛŒØ¬Ù‡
result in,Ø¯Ø± Ù†ØªÛŒØ¬Ù‡ Ø¯Ø±
retain,Ø­ÙØ¸
retire,Ø¨Ø§Ø²Ù†Ø´Ø³ØªÙ‡
retired,Ø¨Ø§Ø²Ù†Ø´Ø³ØªÙ‡
retirement,Ø¨Ø§Ø²Ù†Ø´Ø³ØªÚ¯ÛŒ
return,Ø¨Ø±Ú¯Ø´Øª
reveal,ÙØ§Ø´ Ú©Ø±Ø¯Ù†
reverse,Ù…Ø¹Ú©ÙˆØ³
review,Ù…Ø±ÙˆØ±
revise,ØªØ¬Ø¯ÛŒØ¯ Ù†Ø¸Ø± Ú©Ø±Ø¯Ù†
revision,ØªØ¬Ø¯ÛŒØ¯ Ù†Ø¸Ø±
revolution,Ø§Ù†Ù‚Ù„Ø§Ø¨
reward,Ø¬Ø§ÛŒØ²Ù‡
rhythm,Ø±ÛŒØªÙ…
rice,Ø¨Ø±Ù†Ø¬
rich,Ø«Ø±ÙˆØªÙ…Ù†Ø¯
rid,Ø®Ù„Ø§Øµ Ø´Ø¯Ù† Ø§Ø² Ø´Ø±
ride,Ø³ÙˆØ§Ø± Ø´Ø¯Ù†
rider,Ø³ÙˆØ§Ø±
ridiculous,Ù…Ø³Ø®Ø±Ù‡ - Ù…Ø¶Ø­Ú©
riding,Ø³ÙˆØ§Ø±ÛŒ
right,Ø¯Ø±Ø³Øª
rightly,Ø¯Ø±Ø³ØªÛŒ
ring 1,Ø­Ù„Ù‚Ù‡ 1
ring 2,Ø­Ù„Ù‚Ù‡ 2
ring back,Ø­Ù„Ù‚Ù‡ Ù¾Ø´Øª
rise,ØµØ¹ÙˆØ¯ Ú©Ø±Ø¯Ù†
risk,Ø®Ø·Ø±
rival,Ø±Ù‚ÛŒØ¨
river,Ø±ÙˆØ¯Ø®Ø§Ù†Ù‡
road,Ø¬Ø§Ø¯Ù‡
rob,ØºØ§Ø±Øª
rock,Ø³Ù†Ú¯
role,Ù†Ù‚Ø´
roll,Ù†ÙˆØ±Ø¯
romantic,Ø±ÙˆÙ…Ø§Ù†ØªÛŒÚ©
roof,Ø³Ù‚Ù
room,Ø§ØªØ§Ù‚
root,Ø±ÛŒØ´Ù‡
rope,Ø·Ù†Ø§Ø¨
rough,Ø®Ø´Ù†
roughly,ØªÙ‚Ø±ÛŒØ¨Ø§
round,Ú¯Ø±Ø¯
rounded,Ú¯Ø±Ø¯ Ø´Ø¯Ù‡
route,Ù…Ø³ÛŒØ±
routine,Ø±ÙˆØ§Ù„
row 1,Ø±Ø¯ÛŒÙ 1
royal,Ø³Ù„Ø·Ù†ØªÛŒ
rub,Ù…Ø§Ù„ÛŒØ¯Ù†
rubber,Ù„Ø§Ø³ØªÛŒÚ©
rubbish,Ø²Ø¨Ø§Ù„Ù‡
rude,Ø¨ÛŒ Ø§Ø¯Ø¨
rudely,Ú¯Ø³ØªØ§Ø®Ø§Ù†Ù‡
ruin,ØªØ¨Ø§Ù‡ÛŒ
ruined,Ø®Ø±Ø§Ø¨
rule,Ù‚Ø§Ù†ÙˆÙ†
rule out,Ø±Ø¯
ruler,Ø®Ø· Ú©Ø´
rumour,Ø´Ø§ÛŒØ¹Ù‡
run,Ø§Ø¬Ø±Ø§ Ú©Ù†
run after,Ù¾Ø³ Ø§Ø² Ø§Ø¬Ø±Ø§
run away,ÙØ±Ø§Ø± Ú©Ù†
runner,Ø¯ÙˆÙ†Ø¯Ù‡
running,Ø¯Ø± Ø­Ø§Ù„ Ø§Ø¬Ø±Ø§
run out,Ø§Ø¬Ø±Ø§
run over,Ø²ÛŒØ± Ú¯Ø±ÙØªÙ†
run through,Ø±ÙØªÙ†
rural,Ø±ÙˆØ³ØªØ§ÛŒÛŒ
rush,Ù‡Ø¬ÙˆÙ… Ø¨Ø±Ø¯Ù†
sack,Ú©ÛŒØ³Ù‡
sad,ØºÙ…Ú¯ÛŒÙ†
sadly,Ø¨Ø§ Ù†Ø§Ø±Ø§Ø­ØªÛŒ
sadness,ØºÙ…Ú¯ÛŒÙ†ÛŒ
safe,Ø¨ÛŒ Ø®Ø·Ø±
safely,Ø¨Ø¯ÙˆÙ† Ø®Ø·Ø±
safety,Ø§ÛŒÙ…Ù†ÛŒ
sail,Ø³ÙØ± Ø¯Ø±ÛŒØ§ÛŒÛŒ
sailing,Ú©Ø´ØªÛŒØ±Ø§Ù†ÛŒ
sailor,Ù…Ù„ÙˆØ§Ù†
salad,Ø³Ø§Ù„Ø§Ø¯
salary,Ø­Ù‚ÙˆÙ‚
sale,ÙØ±ÙˆØ´
salt,Ù†Ù…Ú©
salty,Ø´ÙˆØ±
same,ÛŒÚ©Ø³Ø§Ù†
sample,Ù†Ù…ÙˆÙ†Ù‡
sand,Ø´Ù†
satisfaction,Ø±Ø¶Ø§ÛŒØª
satisfied,Ø±Ø§Ø¶ÛŒ
satisfy,Ù‚Ø§Ù†Ø¹ Ú©Ø±Ø¯Ù†
satisfying,Ø±Ø¶Ø§ÛŒØª Ø¨Ø®Ø´
Saturday,Ø´Ù†Ø¨Ù‡
sauce,Ø³Ø³
save,ØµØ±ÙÙ‡ Ø¬ÙˆÛŒÛŒ
saving,ØµØ±ÙÙ‡ Ø¬ÙˆÛŒÛŒ Ø¯Ø±
say,Ú¯ÙØªÙ†
scale,Ù…Ù‚ÛŒØ§Ø³
scare,ØªØ±Ø³Ø§Ù†Ø¯Ù†
scared,ØªØ±Ø³ÛŒØ¯Ù‡
scare off,ØªØ±Ø³Ø§Ù†Ø¯Ù†
scene,ØµØ­Ù†Ù‡
schedule,Ø¨Ø±Ù†Ø§Ù…Ù‡
scheme,Ø·Ø±Ø­
school,Ù…Ø¯Ø±Ø³Ù‡
science,Ø¹Ù„ÙˆÙ… Ù¾Ø§ÛŒÙ‡
scientific,Ø¹Ù„Ù…ÛŒ
scientist,Ø¯Ø§Ù†Ø´Ù…Ù†Ø¯
scissors,Ù‚ÛŒÚ†ÛŒ
score,Ù†Ù…Ø±Ù‡
scratch,Ø®Ø±Ø§Ø´
scream,ÙØ±ÛŒØ§Ø¯
screen,Ù¾Ø±Ø¯Ù‡
screw,Ù¾ÛŒÚ†
sea,Ø¯Ø±ÛŒØ§
seal,Ù…Ù‡Ø±
seal off,Ù…Ù‡Ø± Ùˆ Ù…ÙˆÙ… Ú©Ø±Ø¯Ù†
search,Ø¬Ø³ØªØ¬Ùˆ Ú©Ø±Ø¯Ù†
season,ÙØµÙ„
seat,ØµÙ†Ø¯Ù„ÛŒ
second 1,Ø¯ÙˆÙ… 1
secondary,Ø«Ø§Ù†ÙˆÛŒ
secret,Ø±Ø§Ø²
secretary,Ø¯Ø¨ÛŒØ±ØŒ Ù…Ù†Ø´ÛŒ
secretly,Ù…Ø­Ø±Ù…Ø§Ù†Ù‡
section,Ø¨Ø®Ø´
sector,Ø¨Ø®Ø´
secure,Ø§Ù…Ù† Ø§Ø³Øª
security,Ø§Ù…Ù†ÛŒØª
see,Ø¯ÛŒØ¯Ù†
see about,Ù…Ø´Ø§Ù‡Ø¯Ù‡ Ù…ÙˆØ±Ø¯
seed,Ø¯Ø§Ù†Ù‡
seek,Ø¨Ù‡ Ø¯Ù†Ø¨Ø§Ù„
seem,Ø¨Ù‡ Ù†Ø¸Ø± Ù…ÛŒ Ø±Ø³Ø¯
see to,Ø¨Ù‡
select,Ø§Ù†ØªØ®Ø§Ø¨ Ú©Ù†ÛŒØ¯
selection,Ø§Ù†ØªØ®Ø§Ø¨
self,Ø®ÙˆØ¯
self-,Ø®ÙˆØ¯-
sell,ÙØ±ÙˆØ´
sell off,Ø§Ø±Ø²Ø§Ù† ÙØ±ÙˆØ®ØªÙ†
sell out,Ø®ÛŒØ§Ù†Øª Ú©Ø±Ø¯Ù†
senate,Ù…Ø¬Ù„Ø³ Ø³Ù†Ø§
senator,Ø¹Ø¶Ùˆ Ù…Ø¬Ù„Ø³ Ø³Ù†Ø§
send,Ø§Ø±Ø³Ø§Ù„
send for,Ø§Ø±Ø³Ø§Ù„ Ø¨Ø±Ø§ÛŒ
send off,Ø§Ø±Ø³Ø§Ù„ Ú©Ø±Ø¯Ù†
senior,Ø§Ø±Ø´Ø¯
sense,Ø§Ø­Ø³Ø§Ø³ØŒ Ù…ÙÙ‡ÙˆÙ…
sensible,Ù…Ø¹Ù‚ÙˆÙ„
sensitive,Ø­Ø³Ø§Ø³
sentence,Ø¬Ù…Ù„Ù‡
separate,Ø¬Ø¯Ø§Ú¯Ø§Ù†Ù‡ØŒ Ù…Ø¬Ø²Ø§
separate,Ø¬Ø¯Ø§Ú¯Ø§Ù†Ù‡ØŒ Ù…Ø¬Ø²Ø§
separated,Ø¬Ø¯Ø§ Ø§Ø² Ù‡Ù…
separately,Ø¨ØµÙˆØ±Øª Ø¬Ø¯Ø§Ú¯Ø§Ù†Ù‡
separation,Ø¬Ø¯Ø§ÛŒØ´ØŒ Ø¬Ø¯Ø§ÛŒÛŒ
September,Ø³Ù¾ØªØ§Ù…Ø¨Ø±
series,Ø³Ù„Ø³Ù„Ù‡
serious,Ø¬Ø¯ÛŒ
seriously,Ø¨Ù‡ Ø·ÙˆØ± Ø¬Ø¯ÛŒ
servant,Ø®Ø¯Ù…ØªÚ¯Ø²Ø§Ø±
serve,Ø®Ø¯Ù…Øª
service,Ø³Ø±ÙˆÛŒØ³
session,Ø¬Ù„Ø³Ù‡
set,ØªÙ†Ø¸ÛŒÙ…
set off,Ø¹Ø§Ø²Ù… Ø´Ø¯Ù†
set out,Ù…Ø¬Ù…ÙˆØ¹Ù‡ Ø§ÛŒ Ø§Ø²
settle,Ø­Ù„ Ú©Ù†
settle down,Ø­Ù„ Ùˆ ÙØµÙ„ Ú©Ø±Ø¯Ù†
set up,Ø¨Ø±Ù¾Ø§ÛŒÛŒ
seven,Ù‡ÙØª
seventeen,Ù‡ÙØ¯Ù‡
seventh,Ù‡ÙØªÙ…
seventieth,Ù‡ÙØªØ§Ø¯Ù…ÛŒÙ†
seventy,Ù‡ÙØªØ§Ø¯
several,Ú†Ù†Ø¯
severe,Ø´Ø¯ÛŒØ¯
severely,Ø¨Ù‡ Ø´Ø¯ØªØŒ Ø´Ø¯ÛŒØ¯Ø§
sew,Ø¯ÙˆØ®ØªÙ†
sewing,Ø¯ÙˆØ²Ù†Ø¯Ú¯ÛŒ
sex,Ø±Ø§Ø¨Ø·Ù‡ ÛŒ Ø¬Ù†Ø³ÛŒ
sexual,Ø¬Ù†Ø³ÛŒ
sexually,Ø¬Ù†Ø³ÛŒ
shade,Ø³Ø§ÛŒÙ‡
shadow,Ø³Ø§ÛŒÙ‡
shake,ØªÚ©Ø§Ù† Ø¯Ø§Ø¯Ù†
shall,Ø¨Ø§ÛŒØ¯
shallow,Ú©Ù… Ø¹Ù…Ù‚
shame,Ø´Ø±Ù…
shape,Ø´Ú©Ù„
shaped,Ø´Ú©Ù„
share,Ø§Ø´ØªØ±Ø§Ú© Ú¯Ø°Ø§Ø±ÛŒ
sharp,ØªÛŒØ²
sharply,Ø¨Ù‡ Ø´Ø¯Øª
shave,Ø§ØµÙ„Ø§Ø­
she,Ø§Ùˆ
sheep,Ú¯ÙˆØ³ÙÙ†Ø¯
sheet,ÙˆØ±Ù‚
shelf,ØªØ§Ù‚Ú†Ù‡
shell,Ù¾ÙˆØ³ØªÙ‡
shelter,Ù¾Ù†Ø§Ù‡
shift,ØªØºÛŒÛŒØ± Ù…Ú©Ø§Ù†
shine,Ø¯Ø±Ø®Ø´Ø´
shiny,Ø¨Ø±Ø§Ù‚
ship,Ú©Ø´ØªÛŒ
shirt,Ù¾ÛŒØ±Ø§Ù‡Ù†
shock,Ø´ÙˆÚ©Ù‡ Ø´Ø¯Ù†
shocked,Ø¨Ù‡Øª Ø²Ø¯Ù‡
shocking,ØªÚ©Ø§Ù† Ø¯Ù‡Ù†Ø¯Ù‡
shoe,Ú©ÙØ´
shoot,Ø´Ù„ÛŒÚ©
shoot down,Ø´Ù„ÛŒÚ© Ú©Ø±Ø¯Ù†
shooting,ØªÛŒØ±Ø§Ù†Ø¯Ø§Ø²ÛŒ Ú©Ø±Ø¯Ù†
shop,ÙØ±ÙˆØ´Ú¯Ø§Ù‡
shopping,Ø®Ø±ÙŠØ¯ ÙƒØ±Ø¯Ù†
short,Ú©ÙˆØªØ§Ù‡
shortly,Ù…Ø¯Øª Ú©ÙˆØªØ§Ù‡ÛŒ
shot,Ø¹Ú©Ø³
should,Ø¨Ø§ÛŒØ¯
shoulder,Ø´Ø§Ù†Ù‡
shout,ÙØ±ÛŒØ§Ø¯
show,Ù†Ù…Ø§ÛŒØ´
shower,Ø¯ÙˆØ´
show off,Ø®ÙˆØ¯ Ù†Ù…Ø§ÛŒÛŒ Ú©Ø±Ø¯Ù†
show round,Ø¯ÙˆØ± Ù†Ø´Ø§Ù† Ù…ÛŒ Ø¯Ù‡Ø¯
show up,Ù†Ø´Ø§Ù† Ù…ÛŒ Ø¯Ù‡Ø¯ ØªØ§
shut,Ø¨Ø³ØªÙ‡
shut down,ØªØ¹Ø·ÛŒÙ„ Ú©Ø±Ø¯Ù†
shut in,Ø­Ø¨Ø³ Ú©Ø±Ø¯Ù†
shut out,Ø¨Ø§Ø®ØªÙ†
shut up,Ø®ÙÙ‡ Ø´Ùˆ
shy,Ø®Ø¬Ø§Ù„ØªÛŒ
sick,Ø¨ÛŒÙ…Ø§Ø±
side,Ø³Ù…Øª
sideways,ÛŒÚ© ÙˆØ±ÛŒ
sight,Ù…Ù†Ø¸Ø±Ù‡
sign,Ø§Ù…Ø¶Ø§ Ú©Ø±Ø¯Ù†
signal,Ø¹Ù„Ø§Ù…Øª
signature,Ø§Ù…Ø¶Ø§
significant,Ù‚Ø§Ø¨Ù„ ØªÙˆØ¬Ù‡
significantly,Ø¨Ù‡ Ø·ÙˆØ± Ù‚Ø§Ø¨Ù„ Ù…Ù„Ø§Ø­Ø¸Ù‡
silence,Ø³Ú©ÙˆØª
silent,Ø¨ÛŒ ØµØ¯Ø§
silk,Ø§Ø¨Ø±ÛŒØ´Ù…
silly,Ø§Ø­Ù…Ù‚Ø§Ù†Ù‡
silver,Ù†Ù‚Ø±Ù‡ Ø§ÙŠ
similar,Ù…Ø´Ø§Ø¨Ù‡
similarly,Ø¨Ù‡ Ø·ÙˆØ± Ù…Ø´Ø§Ø¨Ù‡
simple,Ø³Ø§Ø¯Ù‡
simply,Ø¨Ù‡ Ø³Ø§Ø¯Ú¯ÛŒ
since,Ø§Ø² Ø¢Ù†Ø¬Ø§ Ú©Ù‡
sincere,Ù…Ø®Ù„Øµ - Ø¨ÛŒ Ø±ÛŒØ§ - ØµÙ…ÛŒÙ…Ø§Ù†Ù‡
sincerely,Ø®Ø§Ù„ØµØ§Ù†Ù‡
sing,Ø¢ÙˆØ§Ø² Ø®ÙˆØ§Ù†Ø¯Ù†
singer,Ø®ÙˆØ§Ù†Ù†Ø¯Ù‡
singing,Ø®ÙˆØ§Ù†Ù†Ø¯Ú¯ÛŒ
single,ØªÙ†Ù‡Ø§
sink,ÙØ±Ùˆ Ø±ÙØªÙ†
sir,Ø¢Ù‚Ø§
sister,Ø®ÙˆØ§Ù‡Ø±
sit,ØªØ­ØµÙ†
sit down,Ø¨Ù†Ø´ÛŒÙ†ÛŒØ¯
site,Ø³Ø§ÛŒØª
situation,ÙˆØ¶Ø¹ÛŒØª
six,Ø´Ø´
sixteen,Ø´Ø§Ù†Ø²Ø¯Ù‡
sixth,Ø´Ø´Ù…
sixtieth,Ø´ØµØªÙ…ÛŒÙ†
sixty,Ø´ØµØª
size,Ø§Ù†Ø¯Ø§Ø²Ù‡
skilful,Ù…Ø§Ù‡Ø±
skilfully,Ù…Ø§Ù‡Ø±Ø§Ù†Ù‡
skill,Ù…Ù‡Ø§Ø±Øª
skilled,Ù…Ø§Ù‡Ø±
skin,Ù¾ÙˆØ³Øª
skirt,Ø¯Ø§Ù…Ù†
sky,Ø¢Ø³Ù…Ø§Ù†
sleep,Ø®ÙˆØ§Ø¨
sleeve,Ø§Ø³ØªÛŒÙ†
slice,ØªÚ©Ù‡
slide,Ù„ØºØ²Ø´
slight,Ø¬Ø²Ø¦ÛŒ
slightly,Ø§Ù†Ø¯Ú©ÛŒ
slip,Ù„ÛŒØ² Ø®ÙˆØ±Ø¯Ù†
slope,Ø´ÛŒØ¨
slow,Ø¢Ù‡Ø³ØªÙ‡. ØªØ¯Ø±ÛŒØ¬ÛŒ
slowly,Ø¨Ù‡ Ø¢Ø±Ø§Ù…ÛŒ
small,Ú©Ù… Ø§Ù‡Ù…ÛŒØª
smart,Ù‡ÙˆØ´Ù…Ù†Ø¯Ø§Ù†Ù‡
smash,Ø¯Ø±Ù‡Ù… Ú©ÙˆØ¨ÛŒØ¯Ù†
smell,Ø¨Ùˆ
smile,Ù„Ø¨Ø®Ù†Ø¯
smoke,Ø¯ÙˆØ¯
smoking,Ø³ÛŒÚ¯Ø§Ø± Ú©Ø´ÛŒØ¯Ù†
smooth,ØµØ§Ù
smoothly,Ø¨Ù‡ Ù†Ø±Ù…ÛŒ
snake,Ù…Ø§Ø±
snow,Ø¨Ø±Ù
so,Ø¨Ù†Ø§Ø¨Ø±Ø§ÛŒÙ†
soap,ØµØ§Ø¨ÙˆÙ†
social,Ø§Ø¬ØªÙ…Ø§Ø¹ÛŒ
socially,Ø§Ø¬ØªÙ…Ø§Ø¹ÛŒ
society,Ø¬Ø§Ù…Ø¹Ù‡
sock,Ø¬ÙˆØ±Ø§Ø¨
soft,Ù†Ø±Ù…
softly,Ù…Ù„Ø§ÛŒÙ…
software,Ù†Ø±Ù… Ø§ÙØ²Ø§Ø±
soil,Ø®Ø§Ú©
soldier,Ø³Ø±Ø¨Ø§Ø²
solid,Ø¬Ø§Ù…Ø¯
solution,Ø±Ø§Ù‡ Ø­Ù„
solve,Ø­Ù„
some,Ù…Ù‚Ø¯Ø§Ø±ÛŒ
some,Ù…Ù‚Ø¯Ø§Ø±ÛŒ
somebody,Ú©Ø³ÛŒ
somehow,Ø¨Ù‡ Ù†Ø­ÙˆÛŒ
someone,Ú©Ø³ÛŒ
something,Ú†ÛŒØ²ÛŒ
sometimes,Ú¯Ø§Ù‡ÛŒ
somewhat,Ù‚Ø¯Ø±ÛŒ
somewhere,ÛŒÚ© Ø¬Ø§ÛŒÛŒ
son,ÙØ±Ø²Ù†Ø¯ Ù¾Ø³Ø±
song,ØªØ±Ø§Ù†Ù‡
soon,Ø¨Ù‡ Ø²ÙˆØ¯ÛŒ
sore,Ø²Ø®Ù…
sorry,Ù…ØªØ§Ø³Ù
sort,Ù…Ø±ØªØ¨ Ø³Ø§Ø²ÛŒ
sort out,Ù…Ø±ØªØ¨ Ú©Ø±Ø¯Ù† Ø¨Ø± Ø§Ø³Ø§Ø³
soul,Ø±ÙˆØ­
sound,ØµØ¯Ø§
soup,Ø³ÙˆÙ¾
sour,ØªØ±Ø´
source,Ù…Ù†Ø¨Ø¹
south,Ø¬Ù†ÙˆØ¨
southern,Ø¬Ù†ÙˆØ¨ÛŒ
space,ÙØ¶Ø§
spare,ÛŒØ¯Ú©ÛŒ
speak,ØµØ­Ø¨Øª
speaker,Ú¯ÙˆÛŒÙ†Ø¯Ù‡
speak out,Ø­Ø±Ù Ø¨Ø²Ù†
speak up,ØµØ­Ø¨Øª Ú©Ø±Ø¯Ù†
special,ÙˆÛŒÚ˜Ù‡
specialist,Ù…ØªØ®ØµØµ
specially,ÙˆÛŒÚ˜Ù‡
specific,Ø®Ø§Øµ
specifically,Ø¨Ù‡ Ø·ÙˆØ± Ù…Ø´Ø®Øµ
speech,Ø³Ø®Ù†ØŒ Ú¯ÙØªØ§Ø±
speed,Ø³Ø±Ø¹Øª
speed up,Ø³Ø±Ø¹Øª Ø¯Ø§Ø¯Ù†
spell,Ù‡Ø¬ÛŒ Ú©Ø±Ø¯Ù†
spelling,Ù‡Ø¬ÛŒ
spend,Ø®Ø±Ø¬ Ú©Ø±Ø¯Ù†
spice,Ø§Ø¯ÙˆÛŒÙ‡
spicy,ØªÙ†Ø¯
spider,Ø¹Ù†Ú©Ø¨ÙˆØª
spin,Ú†Ø±Ø®Ø´
spirit,Ø±ÙˆØ­
spiritual,Ø±ÙˆØ­Ø§Ù†ÛŒ
spite,Ú©ÛŒÙ†Ù‡
split,Ø´Ú©Ø§Ù
split up,ØªÙ‚Ø³ÛŒÙ… Ú©Ø±Ø¯Ù†
spoil,Ø§Ø² Ø¨ÛŒÙ† Ø¨Ø±Ø¯Ù†
spoken,ØµØ­Ø¨Øª
spoon,Ù‚Ø§Ø´Ù‚
sport,ÙˆØ±Ø²Ø´
spot,Ù†Ù‚Ø·Ù‡
spray,Ø§ÙØ´Ø§Ù†Ù‡
spread,Ø§Ù†ØªØ´Ø§Ø± Ø¯Ø§Ø¯Ù†
spread out,Ú¯Ø³ØªØ±Ø´ ÛŒØ§ÙØªÙ† Ø§Ù†ØªØ´Ø§Ø± ÛŒØ§ÙØªÙ†
spring,Ø¨Ù‡Ø§Ø±
square,Ù…Ø±Ø¨Ø¹
squeeze,Ú†Ù„Ø§Ù†Ø¯Ù†ØŒ ÙØ´Ø§Ø± Ø¯Ø§Ø¯Ù†
stable,Ù¾Ø§ÛŒØ¯Ø§Ø±
staff,Ú©Ø§Ø±Ú©Ù†Ø§Ù†
stage,ØµØ­Ù†Ù‡
stair,Ù¾Ù„Ù‡
stamp,Ù…Ù‡Ø±
stand,Ø§ÛŒØ³ØªØ§Ø¯Ù†
standard,Ø§Ø³ØªØ§Ù†Ø¯Ø§Ø±Ø¯
stand back,Ø¹Ù‚Ø¨ Ø¨Ø§ÛŒØ³Øª
stand by,Ø­Ø§Ø¶Ø± Ø¨ÙˆØ¯Ù†
stand for,Ø§ÛŒØ³ØªØ§Ø¯Ù† Ø¨Ø±Ø§ÛŒ
stand out,Ø§ÛŒØ³ØªØ§Ø¯Ú¯ÛŒ Ú©Ø±Ø¯Ù†
stand up,Ø§ÛŒØ³ØªØ§Ø¯Ù†
stand up for,Ø§ÛŒØ³ØªØ§Ø¯Ù† Ø¨Ø±Ø§ÛŒ
star,Ø³ØªØ§Ø±Ù‡
stare,Ø®ÛŒØ±Ù‡ Ù†Ú¯Ø§Ù‡ Ú©Ø±Ø¯Ù†
start,Ø´Ø±ÙˆØ¹
start off,Ø´Ø±ÙˆØ¹ Ú©Ø±Ø¯Ù†
start out,Ø¹Ø§Ø²Ù… Ø´Ø¯Ù†
start up,Ø§Ø³ØªØ§Ø±Øª Ø¢Ù¾
state,Ø¯ÙˆÙ„Øª
statement,Ø¨ÛŒØ§Ù†ÛŒÙ‡
station,Ø§ÛŒØ³ØªÚ¯Ø§Ù‡
statue,Ù…Ø¬Ø³Ù…Ù‡
status,ÙˆØ¶Ø¹ÛŒØª
stay,Ù…Ø§Ù†Ø¯Ù†
stay away,Ø¬Ù„Ùˆ Ù†ÛŒØ§
stay out of,Ø§Ù‚Ø§Ù…Øª Ø¯Ø± Ø®Ø§Ø±Ø¬ Ø§Ø²
steadily,Ø¨Ù‡ Ø·ÙˆØ± Ù¾ÛŒÙˆØ³ØªÙ‡
steady,Ø«Ø§Ø¨Øª
steal,Ú©Ø´ Ø±ÙØªÙ†
steam,Ø¨Ø®Ø§Ø±
steel,ÙÙˆÙ„Ø§Ø¯
steep,Ø´ÛŒØ¨ ØªÙ†Ø¯
steeply,Ø´Ø¯Øª
steer,Ù‡Ø¯Ø§ÛŒØª
step,Ú¯Ø§Ù…
stick,Ú†ÙˆØ¨
stick out,Ø§ØµØ±Ø§Ø± Ú©Ø±Ø¯Ù†
stick to,Ú†ÙˆØ¨ Ø¨Ù‡
stick up,Ú¯Ø³ØªØ§Ø®
sticky,Ú†Ø³Ø¨Ù†Ø¯Ù‡
stiff,Ø³ÙØª
stiffly,Ø´Ù‚ Ùˆ Ø±Ù‚
still,Ù‡Ù†ÙˆØ²
sting,Ù†ÛŒØ´
stir,Ø¨Ù‡Ù… Ø²Ø¯Ù†
stock,Ù…ÙˆØ¬ÙˆØ¯ÛŒ
stomach,Ù…Ø¹Ø¯Ù‡
stone,Ø³Ù†Ú¯
stop,Ù…ØªÙˆÙ‚Ù Ú©Ø±Ø¯Ù†
store,ÙØ±ÙˆØ´Ú¯Ø§Ù‡
storm,Ø·ÙˆÙØ§Ù†
story,Ø¯Ø§Ø³ØªØ§Ù†
stove,Ø§Ø¬Ø§Ù‚
straight,Ø³Ø± Ø±Ø§Ø³Øª
strain,Ù†Ú˜Ø§Ø¯
strange,Ø¹Ø¬ÛŒØ¨
strangely,Ø¹Ø¬ÛŒØ¨
stranger,Ø¨ÛŒÚ¯Ø§Ù†Ù‡
strategy,Ø§Ø³ØªØ±Ø§ØªÚ˜ÛŒ
stream,Ø¬Ø±ÛŒØ§Ù†
street,Ø®ÛŒØ§Ø¨Ø§Ù†
strength,Ø§Ø³ØªØ­Ú©Ø§Ù… - Ù‚Ø¯Ø±Øª
stress,ÙØ´Ø§Ø±
stressed,ØªØ§Ú©ÛŒØ¯
stretch,Ú©Ø´ Ø¢Ù…Ø¯Ù†
strict,Ø³Ø®Øª Ú¯ÛŒØ±Ø§Ù†Ù‡
strictly,Ù…ÙˆÚ©Ø¯Ø§
strike,Ø¶Ø±Ø¨Ù‡
striking,Ù‚Ø§Ø¨Ù„ ØªÙˆØ¬Ù‡ØŒ Ø¨Ø±Ø¬Ø³ØªÙ‡ØŒ Ù…ÙˆØ«Ø±
string,Ø±Ø´ØªÙ‡
strip,Ù†ÙˆØ§Ø±
stripe,Ù¾Ø§Ø±Ú†Ù‡ Ø±Ø§Ù‡ Ø±Ø§Ù‡
striped,Ø±Ø§Ù‡ Ø±Ø§Ù‡
stroke,Ø³Ú©ØªÙ‡
strong,Ù‚ÙˆÛŒ
strongly,Ø¨Ù‡ Ø´Ø¯Øª
structure,Ø³Ø§Ø®ØªØ§Ø±
struggle,ØªÙ‚Ù„Ø§
student,Ø¯Ø§Ù†Ø´Ø¬Ùˆ
studio,Ú©Ø§Ø±Ú¯Ø§Ù‡
study,Ù…Ø·Ø§Ù„Ø¹Ù‡
stuff,Ú†ÛŒØ²
stupid,Ø§Ø­Ù…Ù‚
style,Ø³Ø¨Ú©
subject,Ù…ÙˆØ¶ÙˆØ¹
substance,Ù…Ø§Ø¯Ù‡
substantial,Ù‚Ø§Ø¨Ù„ ØªÙˆØ¬Ù‡
substantially,Ù‚Ø§Ø¨Ù„ Ù…Ù„Ø§Ø­Ø¸Ù‡ Ø§ÛŒ
substitute,Ø¬Ø§ÛŒÚ¯Ø²ÛŒÙ†
succeed,Ù…ÙˆÙÙ‚ Ø´Ø¯Ù†
success,Ù…ÙˆÙÙ‚ÛŒØª
successful,Ù…ÙˆÙÙ‚ÛŒØª Ø¢Ù…ÛŒØ²
successfully,Ø¨Ø§ Ù…ÙˆÙÙ‚ÛŒØª
such,Ú†Ù†ÛŒÙ†
suck,Ù…Ú©ÛŒØ¯Ù†
sudden,Ù†Ø§Ú¯Ù‡Ø§Ù†ÛŒ
suddenly,Ù†Ø§Ú¯Ù‡Ø§Ù†
suffer,Ø±Ù†Ø¬ Ø¨Ø±Ø¯Ù†
suffering,Ø±Ù†Ø¬ Ú©Ø´ÛŒØ¯Ù†
sufficient,Ú©Ø§ÙÛŒ
sufficiently,Ø¨Ù‡ Ø§Ù†Ø¯Ø§Ø²Ù‡ Ú©Ø§ÙÛŒ
sugar,Ù‚Ù†Ø¯
suggest,Ù¾ÛŒØ´Ù†Ù‡Ø§Ø¯ Ù…ÛŒ Ø¯Ù‡Ø¯
suggestion,Ù¾ÛŒØ´Ù†Ù‡Ø§Ø¯
suit,Ú©Øª Ùˆ Ø´Ù„ÙˆØ§Ø±
suitable,Ù…Ù†Ø§Ø³Ø¨
suitcase,Ú†Ù…Ø¯Ø§Ù†
suited,Ù…Ù†Ø§Ø³Ø¨
sum,Ù…Ø¬Ù…ÙˆØ¹
summary,Ø®Ù„Ø§ØµÙ‡
summer,ØªØ§Ø¨Ø³ØªØ§Ù†
sum up,Ø®Ù„Ø§ØµÙ‡ Ú©Ø±Ø¯Ù†
sun,Ø¢ÙØªØ§Ø¨
Sunday,ÛŒÚ©Ø´Ù†Ø¨Ù‡
superior,Ø¨Ø±ØªØ±
supermarket,Ø³ÙˆÙ¾Ø± Ù…Ø§Ø±Ú©Øª
supply,Ø¹Ø±Ø¶Ù‡
support,Ù¾Ø´ØªÛŒØ¨Ø§Ù†ÛŒ
supporter,Ø­Ø§Ù…ÛŒ
suppose,ÙØ±Ø¶ Ú©Ù†ÛŒØ¯
sure,Ù…Ø·Ù…Ø¦Ù†
surely,Ù…Ø³Ù„Ù…Ø§
surface,Ø³Ø·Ø­
surname,Ù†Ø§Ù… Ø®Ø§Ù†ÙˆØ§Ø¯Ú¯ÛŒ
surprise,ØªØ¹Ø¬Ø¨
surprised,ØºØ§ÙÙ„Ú¯ÛŒØ± Ø´Ø¯Ù†
surprising,Ø´Ú¯ÙØªÛŒ
surprisingly,Ø¬Ø§ÛŒ ØªØ¹Ø¬Ø¨
surround,Ø§Ø­Ø§Ø·Ù‡
surrounding,Ø§Ø·Ø±Ø§Ù
surroundings,Ù…Ø­ÛŒØ· Ø§Ø·Ø±Ø§Ù
survey,Ù†Ø¸Ø± Ø³Ù†Ø¬ÛŒ
survey,Ù†Ø¸Ø± Ø³Ù†Ø¬ÛŒ
survive,Ø²Ù†Ø¯Ù‡ Ù…Ø§Ù†Ø¯Ù†
suspect,Ù…Ø¸Ù†ÙˆÙ†
suspicion,Ø³ÙˆØ¡ Ø¸Ù†
suspicious,Ù…Ø´Ú©ÙˆÚ©
swallow,Ø¨Ù„Ø¹
swear,Ø³ÙˆÚ¯Ù†Ø¯
swearing,Ù‚Ø³Ù… Ø®ÙˆØ±Ø¯Ù†
sweat,Ø¹Ø±Ù‚
sweater,Ú˜Ø§Ú©Øª
sweep,Ø¬Ø§Ø±Ùˆ Ú©Ø±Ø¯Ù†
sweet,Ø´ÛŒØ±ÛŒÙ†
swell,Ù…ØªÙˆØ±Ù…
swelling,ÙˆØ±Ù…
swim,Ø´Ù†Ø§
swimming,Ø´Ù†Ø§ ÙƒØ±Ø¯Ù†
swimming pool,Ø§Ø³ØªØ®Ø±
swing,ØªØ§Ø¨ Ø®ÙˆØ±Ø¯Ù†
switch,ØªØ¹ÙˆÛŒØ¶
switch off,Ø®Ø§Ù…ÙˆØ´ Ú©Ù†
swollen,Ù…ØªÙˆØ±Ù…
symbol,Ø³Ù…Ø¨Ù„
sympathetic,Ø¯Ù„Ø³ÙˆØ²
sympathy,Ø§Ø¨Ø±Ø§Ø² Ù‡Ù…Ø¯Ø±Ø¯ÛŒ
system,Ø³ÛŒØ³ØªÙ…
table,Ø¬Ø¯ÙˆÙ„
tablet,Ù‚Ø±Øµ
tackle,Ø¨Ø±Ø®ÙˆØ±Ø¯ Ø¨Ø§
tail,Ø¯Ù…
take,Ú¯Ø±ÙØªÙ†
take away,Ø¨Ø±Ø¯Ù†
take back,Ù¾Ø³ Ú¯Ø±ÙØªÙ†
take down,Ø®Ø±Ø§Ø¨ Ú©Ø±Ø¯Ù†
take in,Ø±Ø§ Ø¯Ø±
take off,Ø¯Ø± Ø¢ÙˆØ±Ø¯Ù†
take on,Ø±Ø§ Ø¯Ø±
take over,Ø¨Ù‡ Ø¹Ù‡Ø¯Ù‡ Ú¯Ø±ÙØªÙ†
take up,ØªØ§
talk,ØµØ­Ø¨Øª
tall,Ø¨Ù„Ù†Ø¯ Ù‚Ø¯
tank,Ù…Ø®Ø²Ù†
tap,Ø¶Ø±Ø¨Ù‡ Ø²Ø¯Ù†
tape,Ù†ÙˆØ§Ø±
target,Ù‡Ø¯Ù
task,ÙˆØ¸ÛŒÙÙ‡
taste,Ø·Ø¹Ù…
tax,Ù…Ø§Ù„ÛŒØ§Øª
taxi,ØªØ§Ú©Ø³ÛŒ
tea,Ú†Ø§ÛŒ
teach,Ø¢Ù…ÙˆØ²Ø´
teacher,Ù…Ø¹Ù„Ù…
teaching,Ø¯Ø±Ø³ Ø¯Ø§Ø¯Ù†
team,ØªÛŒÙ…
tear 1,Ø§Ø´Ú© 1
tear 2,Ø§Ø´Ú© 2
tear up,Ù¾Ø§Ø±Ù‡ Ú©Ø±Ø¯Ù†
technical,ÙÙ†ÛŒ
technique,ØªÚ©Ù†ÛŒÚ©
technology,ÙÙ† Ø¢ÙˆØ±ÛŒ
telephone,ØªÙ„ÙÙ†
television,ØªÙ„ÙˆÛŒØ²ÛŒÙˆÙ†
tell,Ú¯ÙØªÙ†
tell off,ØªØ¹ÛŒÛŒÙ† Ú©Ø±Ø¯Ù†
temperature,Ø¯Ø±Ø¬Ù‡ Ø­Ø±Ø§Ø±Øª
temporarily,Ù…ÙˆÙ‚ØªØ§
temporary,Ù…ÙˆÙ‚Øª
ten,Ø¯Ù‡
tend,ØªÙ…Ø§ÛŒÙ„
tendency,Ú¯Ø±Ø§ÛŒØ´
tension,ØªÙ†Ø´
tent,Ú†Ø§Ø¯Ø±
tenth,Ø¯Ù‡Ù…
term,Ù…Ø¯ØªØŒ Ø§ØµØ·Ù„Ø§Ø­
terrible,ÙˆØ­Ø´ØªÙ†Ø§Ú©
terribly,ÙˆØ­Ø´ØªÙ†Ø§Ú©ÛŒ
test,ØªØ³Øª
text,Ù…ØªÙ†
than,Ù†Ø³Ø¨Øª Ø¨Ù‡. ØªØ§
thank,ØªØ´Ú©Ø±
thanks,Ø¨Ø§ ØªØ´Ú©Ø±
thank you,Ù…ØªØ´Ú©Ø±Ù…
that,Ú©Ù‡
that,Ú©Ù‡
the,
theatre,ØªØ¦Ø§ØªØ±
their,Ø´Ø§Ù†
theirs,Ø®ÙˆØ¯Ù…Ø§Ù†ÛŒ
them,Ø¢Ù†Ù‡Ø§
theme,Ù…ÙˆØ¶ÙˆØ¹
themselves,Ø®ÙˆØ¯Ø´Ø§Ù†
then,Ø³Ù¾Ø³
theory,ØªØ¦ÙˆØ±ÛŒ
there,Ø¢Ù†Ø¬Ø§
therefore,Ø§Ø² Ø§ÛŒÙ† Ø±Ùˆ
they,Ø¢Ù†Ù‡Ø§
thick,Ø¶Ø®ÛŒÙ…
thickly,Ù†Ø³Ø¨ØªØ§ Ø¶Ø®ÛŒÙ…
thickness,Ø¶Ø®Ø§Ù…Øª
thief,Ø¯Ø²Ø¯
thin,Ù„Ø§ØºØ±
thing,Ú†ÛŒØ²
think,ÙÚ©Ø±
think about,ÙÚ©Ø± Ù…ÛŒ Ú©Ù†Ù… Ø¯Ø± Ù…ÙˆØ±Ø¯
thinking,ÙÙƒØ± ÙƒØ±Ø¯Ù†
think of,Ø¯Ø± ÙÚ©Ø±
think of as,Ø¨Ù‡ Ø¹Ù†ÙˆØ§Ù† ÙÚ©Ø± Ù…ÛŒ Ú©Ù†Ù…
think over,Ø³Ù†Ú¯ÛŒÙ† Ú©Ø±Ø¯Ù†
think up,ÙÚ©Ø± Ù…ÛŒ Ú©Ù†Ù… ØªØ§
third,Ø³ÙˆÙ…
thirsty,ØªØ´Ù†Ù‡
thirteen,Ø³ÛŒØ²Ø¯Ù‡
thirteenth,Ø³ÛŒØ²Ø¯Ù‡Ù…
thirtieth,Ø³ÛŒ Ø§Ù…
thirty,Ø³ÛŒ
this,Ø§ÛŒÙ†
thorough,Ú©Ø§Ù…Ù„
thoroughly,Ø¨Ø·ÙˆØ± Ú©Ø§Ù…Ù„
though,Ø§Ú¯Ø± Ú†Ù‡
thought,ÙÚ©Ø±
thousand,Ù‡Ø²Ø§Ø±
thousandth,Ù‡Ø²Ø§Ø±Ù…
thread,Ù†Ø®
threat,ØªÙ‡Ø¯ÛŒØ¯
threaten,ØªÙ‡Ø¯ÛŒØ¯ Ú©Ø±Ø¯Ù†
threatening,ØªÙ‡Ø¯ÛŒØ¯ Ú©Ù†Ù†Ø¯Ù‡
three,Ø³Ù‡
throat,Ú¯Ù„Ùˆ
through,Ø§Ø² Ø·Ø±ÛŒÙ‚
throughout,Ø³Ø±Ø§Ø³Ø±
throw,Ù¾Ø±Øª Ú©Ø±Ø¯Ù†
throw away,Ø¯ÙˆØ± Ø§Ù†Ø¯Ø§Ø®ØªÙ†
throw out,Ø¨ÛŒØ±ÙˆÙ† Ø§Ù†Ø¯Ø§Ø®ØªÙ†
thumb,Ø´Ø³Øª
Thursday,Ù¾Ù†Ø¬ Ø´Ù†Ø¨Ù‡
thus,Ø¨Ø¯ÛŒÙ† ØªØ±ØªÛŒØ¨
ticket,Ø¨Ù„ÛŒØ·
tidy,Ù…Ø±ØªØ¨
tie,Ú©Ø±Ø§ÙˆØ§Øª
tie up,Ø¨Ø³ØªÙ†
tight,ØªÙ†Ú¯
tightly,Ù…Ø­Ú©Ù…
till,ØªØ§
time,Ø²Ù…Ø§Ù†
timetable,Ø¬Ø¯ÙˆÙ„ Ø²Ù…Ø§Ù†ÛŒ
tin,Ù‚Ù„Ø¹
tiny,Ú©ÙˆÚ†Ú©
tip,Ù†Ú©ØªÙ‡
tip over,Ø¨ÛŒØ´ Ø§Ø² Ù†ÙˆÚ©
tire,Ù„Ø§Ø³ØªÛŒÚ©
tired,Ø®Ø³ØªÙ‡
tire out,Ø®Ø§Ø±Ø¬ ØªØ§ÛŒØ±
tiring,Ø®Ø³ØªÙ‡ Ú©Ù†Ù†Ø¯Ù‡
title,Ø¹Ù†ÙˆØ§Ù†
to,Ø¨Ù‡
today,Ø§Ù…Ø±ÙˆØ²
toe,Ù¾Ù†Ø¬Ù‡
together,Ø¨Ø§ ÛŒÚ©Ø¯ÛŒÚ¯Ø±
toilet,ØªÙˆØ§Ù„Øª
tomato,Ú¯ÙˆØ¬Ù‡ ÙØ±Ù†Ú¯ÛŒ
tomorrow,ÙØ±Ø¯Ø§
ton,ØªÙ†
tone,Ù„Ø­Ù†
tongue,Ø²Ø¨Ø§Ù†
tonight,Ø§Ù…Ø´Ø¨
tonne,ØªÙ†
too,Ù‡Ù…
tool,Ø§Ø¨Ø²Ø§Ø±
tooth,Ø¯Ù†Ø¯Ø§Ù†
top,Ø¨Ø§Ù„Ø§
topic,Ù…ÙˆØ¶ÙˆØ¹
total,Ø¬Ù…Ø¹
totally,Ú©Ø§Ù…Ù„Ø§
touch,Ø¯Ø³Øª Ø²Ø¯Ù† Ø¨Ù‡
tough,Ø³Ø®Øª Ø§Ø³Øª
tour,Ø³ÙØ±
tourist,ØªÙˆØ±ÛŒØ³Øª
towards,Ø¨Ù‡ Ø³Ù…Øª
towel,Ø­ÙˆÙ„Ù‡
tower,Ø¨Ø±Ø¬
town,Ø´Ù‡Ø±
toy,Ø§Ø³Ø¨Ø§Ø¨ Ø¨Ø§Ø²ÛŒ
trace,Ù¾ÛŒ Ú¯ÛŒØ±ÛŒ
track,Ù…Ø³ÛŒØ±
trade,ØªØ¬Ø§Ø±Øª
trading,ØªØ¬Ø§Ø±Øª
tradition,Ø³Ù†Øª
traditional,Ø³Ù†ØªÛŒ
traditionally,Ø¨Ù‡ Ø·ÙˆØ± Ø³Ù†ØªÛŒ
traffic,ØªØ±Ø§ÙÛŒÚ©
train,Ù‚Ø·Ø§Ø± - ØªØ¹Ù„ÛŒÙ… Ø¯Ø§Ø¯Ù†
training,Ø¢Ù…ÙˆØ²Ø´
transfer,Ø§Ù†ØªÙ‚Ø§Ù„
transfer,Ø§Ù†ØªÙ‚Ø§Ù„
transform,ØªØ¨Ø¯ÛŒÙ„
translate,ØªØ±Ø¬Ù…Ù‡ Ú©Ø±Ø¯Ù†
translation,ØªØ±Ø¬Ù…Ù‡
transparent,Ø´ÙØ§Ù
transport,Ø­Ù…Ù„ Ùˆ Ù†Ù‚Ù„
transport,Ø­Ù…Ù„ Ùˆ Ù†Ù‚Ù„
transportation,Ø­Ù…Ù„ Ùˆ Ù†Ù‚Ù„
trap,Ø¯Ø§Ù…
travel,Ù…Ø³Ø§ÙØ±Øª Ø±ÙØªÙ†
traveller,Ø±Ù‡Ú¯Ø°Ø±
treat,Ø¯Ø±Ù…Ø§Ù† Ø´ÙˆØ¯
treatment,Ø±ÙØªØ§Ø±
tree,Ø¯Ø±Ø®Øª
trend,Ø±ÙˆÙ†Ø¯
trial,Ø¢Ø²Ù…Ø§ÛŒØ´
triangle,Ù…Ø«Ù„Ø«
trick,ÙÙˆØª Ùˆ ÙÙ†
trip,Ø³ÙØ±
tropical,Ú¯Ø±Ù…Ø³ÛŒØ±ÛŒ
trouble,Ù…Ø´Ú©Ù„
trousers,Ø´Ù„ÙˆØ§Ø±
truck,Ú©Ø§Ù…ÛŒÙˆÙ†
TRUE,Ø¯Ø±Ø³Øª Ø§Ø³ØªØŒ ÙˆØ§Ù‚Ø¹ÛŒ
truly,Ø¨Ø±Ø§Ø³ØªÛŒ
trust,Ø§Ø¹ØªÙ…Ø§Ø¯
truth,Ø­Ù‚ÛŒÙ‚Øª
try,ØªÙ„Ø§Ø´ ÙƒØ±Ø¯Ù†
try on,Ø³Ø¹ÛŒ Ú©Ù†ÛŒØ¯ Ø¯Ø±
try out,Ø§Ù…ØªØ­Ø§Ù† Ú©Ù†ÛŒØ¯
tube,Ù„ÙˆÙ„Ù‡
Tuesday,Ø³Ù‡Ø´Ù†Ø¨Ù‡
tune,Ø§Ù‡Ù†Ú¯
tunnel,ØªÙˆÙ†Ù„
turn,Ø¯ÙˆØ± Ø²Ø¯Ù†
turn back,Ø¨Ø±Ú¯Ø±Ø¯
turn down,Ø®Ø±Ø¯ Ø³Ø§Ø®ØªÙ†
turn into,ØªØ¨Ø¯ÛŒÙ„ Ø´Ø¯Ù† Ø¨Ù‡
turn off,Ø®Ø§Ù…ÙˆØ´
turn on,Ø±ÙˆØ´Ù† Ú©Ù†
turn out,Ø¨Ø§ Ú©Ù„ÛŒØ¯ Ø®Ø§Ù…ÙˆØ´ Ú©Ø±Ø¯Ù†
turn over,Ø­Ø¬Ù… Ù…Ø¹Ø§Ù…Ù„Ø§Øª
turn round,Ø¯ÙˆØ± Ø²Ø¯Ù†
turn to,Ù†ÙˆØ¨Ù‡ Ø®ÙˆØ¯ Ø¨Ù‡
turn up,Ø¨Ù‡ Ù†ÙˆØ¨Ù‡ Ø®ÙˆØ¯ ØªØ§
TV,ØªÙ„ÙˆÛŒØ²ÛŒÙˆÙ†
twelfth,Ø¯ÙˆØ§Ø²Ø¯Ù‡Ù…
twelve,Ø¯ÙˆØ§Ø²Ø¯Ù‡
twentieth,Ø¨ÛŒØ³ØªÙ…
twenty,Ø¨ÛŒØ³Øª
twice,Ø¯Ùˆ Ø¨Ø±Ø§Ø¨Ø±
twin,Ø¯ÙˆÙ‚Ù„Ùˆ
twist,Ù¾ÛŒÚ† - Ù¾ÛŒÚ†ÛŒØ¯Ù†
twisted,Ù¾ÛŒÚ† Ø®ÙˆØ±Ø¯Ù‡
two,Ø¯Ùˆ
type,Ù†ÙˆØ¹
typical,Ù…Ø¹Ù…ÙˆÙ„
typically,Ù…Ø¹Ù…ÙˆÙ„Ø§
tyre,Ù„Ø§Ø³ØªÛŒÚ©
the unemployed,Ø¨ÛŒÚ©Ø§Ø±Ø§Ù†
the unexpected,ØºÛŒØ±Ù…Ù†ØªØ¸Ø±Ù‡
ugly,Ø²Ø´Øª
ultimate,Ù†Ù‡Ø§ÛŒÛŒ
ultimately,Ø¯Ø± Ù†Ù‡Ø§ÛŒØª
umbrella,Ú†ØªØ±
unable,Ù†Ø§ØªÙˆØ§Ù†
unacceptable,ØºÛŒØ± Ù‚Ø§Ø¨Ù„ Ù‚Ø¨ÙˆÙ„
uncertain,Ù†Ø§ Ù…Ø¹Ù„ÙˆÙ…
uncle,Ø¹Ù…Ùˆ ÛŒØ§ Ø¯Ø§ÛŒÛŒ
uncomfortable,Ù†Ø§Ø±Ø§Ø­Øª
unconscious,Ù†Ø§Ø®ÙˆØ¯Ø¢Ú¯Ø§Ù‡
uncontrolled,Ú©Ù†ØªØ±Ù„ Ù†Ø´Ø¯Ù‡
under,Ø²ÛŒØ±
underground,Ø²ÛŒØ± Ø²Ù…ÛŒÙ†
underneath,Ø¯Ø± Ø²ÛŒØ±
understand,ÙÙ‡Ù…ÛŒØ¯Ù†
understanding,Ø¯Ø±Ùƒ ÙƒØ±Ø¯Ù†
underwater,Ø²ÛŒØ± Ø¢Ø¨
underwear,Ø²ÛŒØ± Ø´Ù„ÙˆØ§Ø±ÛŒ
undo,Ø®Ù†Ø«ÛŒØ³Ø§Ø²ÛŒ
unemployed,Ø¨ÛŒ Ú©Ø§Ø±
unemployment,Ø¨ÛŒÚ©Ø§Ø±ÛŒ
unexpected,ØºÛŒØ± Ù…Ù†ØªØ¸Ø±Ù‡
unexpectedly,Ø¨Ø± Ø®Ù„Ø§Ù Ø§Ù†ØªØ¸Ø§Ø±
unfair,ØºÛŒØ± Ù…Ù†ØµÙØ§Ù†Ù‡
unfairly,Ù†Ø§Ø¹Ø§Ø¯Ù„Ø§Ù†Ù‡
unfortunate,Ù…Ø§ÛŒÙ‡ ØªØ§Ø³Ù
unfortunately,Ù…ØªØ§Ø³ÙØ§Ù†Ù‡
unfriendly,ØºÛŒØ± Ø¯ÙˆØ³ØªØ§Ù†Ù‡
unhappy,Ù†Ø§Ú©Ø§Ù…
uniform,Ù„Ø¨Ø§Ø³ ÙØ±Ù…
unimportant,Ø¨ÛŒ Ø§Ù‡Ù…ÛŒØª
union,Ø§ØªØ­Ø§Ø¯. Ø§ØªØµØ§Ù„
unique,Ù…Ù†Ø­ØµØ± Ø¨ÙØ±Ø¯
unit,ÙˆØ§Ø­Ø¯
unite,Ù…ØªØ­Ø¯ Ú©Ø±Ø¯Ù†
united,Ù…ØªØ­Ø¯
universe,Ú©Ø§Ø¦Ù†Ø§Øª
university,Ø¯Ø§Ù†Ø´Ú¯Ø§Ù‡
unkind,Ù†Ø§Ù…Ù‡Ø±Ø¨Ø§Ù†
unknown,Ù†Ø§Ø´Ù†Ø§Ø³
unless,Ù…Ú¯Ø± Ø§ÛŒÙ†Ú©Ù‡
unlike,Ø¨Ø±Ø®Ù„Ø§Ù
unlikely,Ø¨Ø¹ÛŒØ¯
unload,Ø®Ø§Ù„ÛŒ Ú©Ø±Ø¯Ù†
unlucky,Ø¨Ø¯ Ø´Ø§Ù†Ø³
unnecessary,ØºÛŒØ± Ø¶Ø±ÙˆØ±ÛŒ
unpleasant,Ù†Ø§Ø®ÙˆØ´Ø§ÛŒÙ†Ø¯
unreasonable,Ø¨ÛŒ Ø¯Ù„ÛŒÙ„
unsteady,Ù†Ø§Ù¾Ø§ÛŒØ§
unsuccessful,Ù†Ø§Ù…ÙˆÙÙ‚
untidy,Ø¯Ø±Ù‡Ù… Ùˆ Ø¨Ø±Ù‡Ù…
until,ØªØ§ Ø²Ù…Ø§Ù†
unusual,ØºÛŒØ± Ù…Ø¹Ù…ÙˆÙ„
unusually,ØºÛŒØ± Ù…Ù†ØªØ¸Ø±Ù‡
unwilling,Ù†Ø§Ø®ÙˆØ§Ø³ØªÙ‡ØŒ Ø¨ÛŒ Ù…ÛŒÙ„
unwillingly,Ù†Ø§Ø®ÙˆØ§Ø³ØªÙ‡
up,Ø¨Ø§Ù„Ø§
upon,Ø¨Ø±
upper,Ø¨Ø§Ù„Ø§
upset,Ù†Ø§Ø±Ø§Ø­Øª
upset,Ù†Ø§Ø±Ø§Ø­Øª
upsetting,Ù†Ø§Ø±Ø§Ø­Øª Ú©Ù†Ù†Ø¯Ù‡
upside down,Ù…Ø¹Ú©ÙˆØ³
upstairs,Ø§Ø² Ù¾Ù„Ù‡ Ù‡Ø§
upward,Ø¨Ø·Ø±Ù Ø¨Ø§Ù„Ø§
upwards,Ø¨Ø·Ø±Ù Ø¨Ø§Ù„Ø§
urban,Ø´Ù‡Ø±ÛŒ
urge,Ù†ÛŒØ§Ø²
urgent,ÙÙˆØ±ÛŒ
us,Ù…Ø§
use,Ø§Ø³ØªÙØ§Ø¯Ù‡ Ú©Ù†ÛŒØ¯
use,Ø§Ø³ØªÙØ§Ø¯Ù‡ Ú©Ù†ÛŒØ¯
used 1,Ø§Ø³ØªÙØ§Ø¯Ù‡ 1
used 2,Ø§Ø³ØªÙØ§Ø¯Ù‡ Ù…ÛŒ Ø´ÙˆØ¯ 2
used to,Ø§Ø³ØªÙØ§Ø¯Ù‡ Ù…ÛŒ Ø´ÙˆØ¯
useful,Ù…ÙÛŒØ¯
useless,Ø¨Ù„Ø§ Ø§Ø³ØªÙØ§Ø¯Ù‡
user,Ú©Ø§Ø±Ø¨Ø±
use up,Ø§Ø³ØªÙØ§Ø¯Ù‡
usual,Ù…Ø¹Ù…ÙˆÙ„
usually,Ù…Ø¹Ù…ÙˆÙ„Ø§
vacation,Ù…Ø±Ø®ØµÛŒ
valid,Ù…Ø¹ØªØ¨Ø±
valley,Ø¯Ø±Ù‡
valuable,Ø¨Ø§ Ø§Ø±Ø²Ø´
value,Ø§Ø±Ø²Ø´
van,ÙˆÙ†
variation,ØªØºÛŒÛŒØ±
varied,Ù…ØªÙ†ÙˆØ¹
variety,ØªÙ†ÙˆØ¹
various,Ù…Ø®ØªÙ„Ù
vary,Ù…ØªÙØ§ÙˆØª
vast,ÙˆØ³ÛŒØ¹
vegetable,Ø³Ø¨Ø²ÛŒ
vehicle,ÙˆØ³ÛŒÙ„Ù‡ Ù†Ù‚Ù„ÛŒÙ‡
venture,Ø±ÛŒØ³Ú©
version,Ù†Ø³Ø®Ù‡
vertical,Ø¹Ù…ÙˆØ¯ÛŒ
very,Ø¨Ø³ÛŒØ§Ø±
via,Ø§Ø² Ø·Ø±ÛŒÙ‚
victim,Ù‚Ø±Ø¨Ø§Ù†ÛŒ
victory,Ù¾ÛŒØ±ÙˆØ²ÛŒ
video,ØªØµÙˆÛŒØ±ÛŒ
view,Ú†Ø´Ù… Ø§Ù†Ø¯Ø§Ø²
village,Ø±ÙˆØ³ØªØ§
violence,Ø®Ø´ÙˆÙ†Øª
violent,Ø®Ø´Ù†
violently,Ø®Ø´ÙˆÙ†Øª
virtually,ØªÙ‚Ø±ÛŒØ¨Ø§
virus,ÙˆÛŒØ±ÙˆØ³
visible,Ù‚Ø§Ø¨Ù„ Ø±ÙˆÛŒØª
vision,Ú†Ø´Ù… Ø§Ù†Ø¯Ø§Ø²
visit,Ø¨Ø§Ø²Ø¯ÛŒØ¯
visitor,Ø¨Ø§Ø²Ø¯ÛŒØ¯ Ú©Ù†Ù†Ø¯Ù‡
vital,Ø­ÛŒØ§ØªÛŒ
vocabulary,ÙˆØ§Ú˜Ú¯Ø§Ù†
voice,ØµØ¯Ø§
volume,Ø¬Ù„Ø¯
vote,Ø±Ø§ÛŒ
wage,Ø­Ù‚ Ø§Ù„Ø²Ø­Ù…Ù‡
waist,Ø¯ÙˆØ± Ú©Ù…Ø±
wait,ØµØ¨Ø± Ú©Ù†
waiter,Ù¾ÛŒØ´Ø®Ø¯Ù…Øª
wake,Ø§Ø² Ø®ÙˆØ§Ø¨ Ø¨ÛŒØ¯Ø§Ø±
walk,Ø±Ø§Ù‡ Ø±ÙØªÙ†
walking,Ù¾ÛŒØ§Ø¯Ù‡ Ø±ÙˆÛŒ
walk out,Ù‚Ø¯Ù… Ø²Ø¯Ù† Ø¨Ù‡ Ø¨ÛŒØ±ÙˆÙ†
walk up,Ø±Ø§Ù‡ Ø±ÙØªÙ† ØªØ§
wall,Ø¯ÛŒÙˆØ§Ø±
wallet,Ú©ÛŒÙ Ù¾ÙˆÙ„
wander,Ù¾Ø±Ø³Ù‡ Ø²Ø¯Ù†
want,Ù…ÛŒ Ø®ÙˆØ§Ù‡ÛŒØ¯
war,Ø¬Ù†Ú¯
warm,Ú¯Ø±Ù…
warmth,Ú¯Ø±Ù…Ø§
warm up,Ø¯Ø³Øª Ú¯Ø±Ù…ÛŒ Ø¨Ø§Ø²ÛŒ Ú©Ø±Ø¯Ù†
warn,Ù‡Ø´Ø¯Ø§Ø± Ø¯Ø§Ø¯Ù†
warning,Ù‡Ø´Ø¯Ø§Ø±
wash,Ø´Ø³ØªØ´Ùˆ
wash away,Ø´Ø³ØªÙ† Ø¯ÙˆØ±
washing,Ù„Ø¨Ø§Ø³Ø´ÙˆÛŒÛŒ
wash off,Ø´Ø³ØªØ´Ùˆ Ú©Ø±Ø¯Ù†
wash out,Ø´Ø³ØªØ´Ùˆ Ú©Ø±Ø¯Ù†
wash up,Ø¯Ø³Øª Ùˆ Ø±Ùˆ Ø´Ø³ØªÙ†
waste,Ù‡Ø¯Ø±
watch,ØªÙ…Ø§Ø´Ø§ Ú©Ø±Ø¯Ù†
watch out,Ù…ÙˆØ§Ø¸Ø¨ Ø¨Ø§Ø´
watch out for,Ù…Ø±Ø§Ù‚Ø¨
water,Ø§Ø¨
wave,Ù…ÙˆØ¬
way,Ù…Ø³ÛŒØ±
we,Ù…Ø§
weak,Ø¶Ø¹ÛŒÙ
weakness,Ø¶Ø¹Ù
wealth,Ø«Ø±ÙˆØª
weapon,Ø³Ù„Ø§Ø­
wear,Ù¾ÙˆØ´ÛŒØ¯Ù†
wear away,Ø³Ø§ÛŒÛŒØ¯Ù†
wear off,Ù¾Ø§Ú© Ø´Ø¯Ù†
wear out,Ú©Ù‡Ù†Ù‡ Ùˆ ÙØ±Ø³ÙˆØ¯Ù‡ Ø´Ø¯Ù†
weather,Ù‡ÙˆØ§
web,ÙˆØ¨
website,Ø³Ø§ÛŒØª Ø§ÛŒÙ†ØªØ±Ù†ØªÛŒ
wedding,Ø¹Ø±ÙˆØ³ÛŒ
Wednesday,Ú†Ù‡Ø§Ø± Ø´Ù†Ø¨Ù‡
week,Ù‡ÙØªÙ‡
weekend,ØªØ¹Ø·ÛŒÙ„Ø§Øª Ø¢Ø®Ø± Ù‡ÙØªÙ‡
weekly,Ù‡ÙØªÚ¯ÛŒ
weigh,ÙˆØ²Ù†
weight,ÙˆØ²Ù†
welcome,Ø®ÙˆØ´ Ø¢Ù…Ø¯ÛŒ
well,Ø®ÙˆØ¨
well known,Ù…Ø´Ù‡ÙˆØ± - Ù…Ø¹Ø±ÙˆÙ
west,ØºØ±Ø¨
western,ØºØ±Ø¨ÛŒ
wet,Ù…Ø±Ø·ÙˆØ¨
what,Ú†ÛŒ
whatever,Ù‡Ø± Ú†Ù‡
wheel,Ú†Ø±Ø®
when,Ú†Ù‡ Ø²Ù…Ø§Ù†ÛŒ
whenever,Ù‡Ø± Ø²Ù…Ø§Ù† Ú©Ù‡
where,Ø¬Ø§ÛŒÛŒ Ú©Ù‡
whereas,Ø¯Ø± Ø­Ø§Ù„ÛŒÚ©Ù‡
wherever,Ù‡Ø± Ú©Ø¬Ø§ Ú©Ù‡
whether,Ú†Ù‡
which,Ú©Ù‡
while,Ø¯Ø± Ø­Ø§Ù„ÛŒ Ú©Ù‡
whisper,Ù†Ø¬ÙˆØ§
whistle,Ø³ÙˆØª
white,Ø³ÙÛŒØ¯
who,Ø³Ø§Ø²Ù…Ø§Ù† Ø¨Ù‡Ø¯Ø§Ø´Øª Ø¬Ù‡Ø§Ù†ÛŒ
whoever,Ù‡Ø± Ú©Ø³ÛŒ Ú©Ù‡
whole,ØªÙ…Ø§Ù…
whom,Ú©Ù‡
whose,Ú©Ù‡
why,Ú†Ø±Ø§
wide,ÙˆØ³ÛŒØ¹
widely,Ø¨Ù‡ Ø·ÙˆØ± Ú¯Ø³ØªØ±Ø¯Ù‡ Ø§ÛŒ
width,Ø¹Ø±Ø¶
wife,Ø²Ù†
wild,ÙˆØ­Ø´ÛŒ
wildly,Ø´Ø¯ÛŒØ¯
will,Ø§Ø±Ø§Ø¯Ù‡
willing,Ù…Ø§ÛŒÙ„ Ø¨ÙˆØ¯Ù†
willingly,Ø¨Ø§ Ù…ÛŒÙ„ Ùˆ Ø±ØºØ¨Øª
willingness,ØªÙ…Ø§ÛŒÙ„
win,Ù¾ÛŒØ±ÙˆØ²ÛŒ
wind 1,Ø¨Ø§Ø¯ 1
wind 2,Ø¨Ø§Ø¯ 2
window,Ù¾Ù†Ø¬Ø±Ù‡
wine,Ø´Ø±Ø§Ø¨
wing,Ø¨Ø§Ù„
winner,Ø¨Ø±Ù†Ø¯Ù‡
winning,Ø¨Ø±Ù†Ø¯Ù‡
winter,Ø²Ù…Ø³ØªØ§Ù†
wire,Ø³ÛŒÙ…
wise,Ø¯Ø§Ù†Ø§
wish,Ø¢Ø±Ø²Ùˆ Ú©Ø±Ø¯Ù†
with,Ø¨Ø§
withdraw,Ú©Ù†Ø§Ø± Ú©Ø´ÛŒØ¯Ù†
within,Ø¯Ø± Ø¯Ø§Ø®Ù„
without,Ø¨Ø¯ÙˆÙ†
witness,Ø´Ø§Ù‡Ø¯
woman,Ø²Ù†
wonder,ØªØ¹Ø¬Ø¨
wonderful,Ø´Ú¯ÙØª Ø§Ù†Ú¯ÛŒØ²
wood,Ú†ÙˆØ¨
wooden,Ú†ÙˆØ¨ÛŒ
wool,Ù¾Ø´Ù…
word,Ú©Ù„Ù…Ù‡
work,Ú©Ø§Ø±
worker,Ú©Ø§Ø±Ú¯Ø±
working,Ú©Ø§Ø± Ú©Ø±Ø¯Ù†
work out,Ú©Ø§Ø± Ú©Ø±Ø¯Ù†
world,Ø¬Ù‡Ø§Ù†
worried,Ù†Ú¯Ø±Ø§Ù†
worry,Ù†Ú¯Ø±Ø§Ù† Ø¨ÙˆØ¯Ù†
worrying,Ù†Ú¯Ø±Ø§Ù† Ú©Ù†Ù†Ø¯Ù‡
worse,Ø¨Ø¯ØªØ±
worship,Ø¹Ø¨Ø§Ø¯Øª
worst,Ø¨Ø¯ØªØ±ÛŒÙ†
worth,Ø§Ø±Ø²Ø´
would,Ú©Ø§Ø´
wound 1,Ø³ÛŒÙ… Ù¾ÛŒÚ† 1
wounded,Ù…Ø¬Ø±ÙˆØ­
wrap,Ø¨Ø³ØªÙ‡ Ø¨Ù†Ø¯ÛŒ Ú©Ø±Ø¯Ù†
wrapping,Ú©Ø§ØºØ° Ø¨Ø³ØªÙ‡ Ø¨Ù†Ø¯ÛŒ
wrist,Ù…Ú† Ø¯Ø³Øª
write,Ù†ÙˆØ´ØªÙ†
write back,Ø¬ÙˆØ§Ø¨ Ø¯Ø§Ø¯Ù†
write down,Ø¨Ù†ÙˆÛŒØ³
writer,Ù†ÙˆÛŒØ³Ù†Ø¯Ù‡
writing,Ù†ÙˆØ´ØªÙ‡
written,Ù†ÙˆØ´ØªÙ‡ Ø´Ø¯Ù‡ Ø§Ø³Øª
wrong,Ø§Ø´ØªØ¨Ø§Ù‡
wrongly,Ø§Ø´ØªØ¨Ø§Ù‡
yard,Ø­ÛŒØ§Ø·
yawn,Ø®Ù…ÛŒØ§Ø²Ù‡
yeah,Ø¢Ø±Ù‡
year,Ø³Ø§Ù„
yellow,Ø±Ù†Ú¯ Ø²Ø±Ø¯
yes,Ø¢Ø±Ù‡
yesterday,Ø¯ÛŒØ±ÙˆØ²
yet,Ù‡Ù†ÙˆØ²
you,Ø´Ù…Ø§
young,Ø¬ÙˆØ§Ù†
your,Ø®ÙˆØ¯ Ø±Ø§
yours,Ù…Ø§Ù„ Ø´Ù…Ø§
yourself,Ø®ÙˆØ¯Øª
youth,Ø¬ÙˆØ§Ù†Ø§Ù†
zero,ØµÙØ±
zone,Ù…Ù†Ø·Ù‚Ù‡